2026-02-15 13:11:08: 
2026-02-15 13:11:08: ================================================================================
2026-02-15 13:11:08: 🚀 INICIANDO CHATBOT v2.5.7 (CORREÇÃO CRÍTICA)...
2026-02-15 13:11:08: ================================================================================
2026-02-15 13:11:08: 
2026-02-15 13:11:24: [15/02/2026, 09:11:24] ℹ️ INFO: ✅ Cliente autenticado com sucesso!
2026-02-15 13:11:25: 
2026-02-15 13:11:25: ================================================================================
2026-02-15 13:11:25: 🎉 BOT INICIADO COM SUCESSO! 🎉
2026-02-15 13:11:25: ================================================================================
2026-02-15 13:11:25: 💬 Bot: Espaço Açaí & Gelatos v2.5.7 (CORREÇÃO CRÍTICA)
2026-02-15 13:11:25: ⏰ Horário: 16h - 22h30 (timezone: America/Fortaleza)
2026-02-15 13:11:25: 🔑 Modo teste: Digite "testacai" para testar fora do horário
2026-02-15 13:11:25: 🛑 Parar fluxo: Digite "stopacai" para encerrar atendimento
2026-02-15 13:11:25: 📞 Admin: 5598970278100
2026-02-15 13:11:25: ================================================================================
2026-02-15 13:11:25: 📋 v2.5.7 - CORREÇÃO CRÍTICA:
2026-02-15 13:11:25:    🐛 CORRIGIDO: Crash com mensagens de Canais/Communities
2026-02-15 13:11:25:    ✅ ADICIONADO: Proteção robusta contra getChat() undefined
2026-02-15 13:11:25:    ✅ ADICIONADO: Filtros para @newsletter e @broadcast
2026-02-15 13:11:25: ================================================================================
2026-02-15 13:11:25: 📋 v2.5.5 - Correções anteriores:
2026-02-15 13:11:25:    ✅ REMOVIDO: --single-process (causava ProtocolError)
2026-02-15 13:11:25:    ✅ CORRIGIDO: Timeout infinito para evitar TimeoutError
2026-02-15 13:11:25:    ✅ OTIMIZADO: Flags do Chrome/Chromium
2026-02-15 13:11:25: ================================================================================
2026-02-15 13:11:25: 📋 Funcionalidades mantidas (v2.5.4 e anteriores):
2026-02-15 13:11:25:    E1-E4 | A1-A5 | NF1-NF2 | T1-T8 | I1-I9
2026-02-15 13:11:25:    🏍️ Delivery | 🏪 Retirada | ❓ FAQ (8 perguntas)
2026-02-15 13:11:25:    🕐 Timezone America/Fortaleza | 🚫 Verificação de horário
2026-02-15 13:11:25: ================================================================================
2026-02-15 13:11:25: 👀 Aguardando mensagens...
2026-02-15 13:11:25: ================================================================================
2026-02-15 13:11:25: 
2026-02-15 13:13:54: 
2026-02-15 13:13:54: 🛑 Encerrando bot (SIGINT)...
2026-02-15 13:13:54: 💾 BD salvo: 2 clientes
2026-02-15 13:13:54: 💾 Flush de segurança executado
2026-02-15 13:13:54: ✅ Sessão WhatsApp encerrada com sucesso
2026-02-15 13:14:27: 
2026-02-15 13:14:27: ================================================================================
2026-02-15 13:14:27: 🚀 INICIANDO CHATBOT v2.5.7 (CORREÇÃO CRÍTICA)...
2026-02-15 13:14:27: ================================================================================
2026-02-15 13:14:27: 
2026-02-15 13:14:34: 
2026-02-15 13:14:34: ================================================================================
2026-02-15 13:14:34: 📱 QR CODE GERADO!
2026-02-15 13:14:34: Escaneie o QR Code abaixo com seu WhatsApp:
2026-02-15 13:14:34: ================================================================================
2026-02-15 13:14:34: 
2026-02-15 13:14:34: ▄▄▄▄▄▄▄▄▄▄▄▄▄▄▄▄▄▄▄▄▄▄▄▄▄▄▄▄▄▄▄▄▄▄▄▄▄▄▄▄▄▄▄▄▄▄▄▄▄▄▄▄▄▄▄▄▄▄▄
2026-02-15 13:14:34: █ ▄▄▄▄▄ █▀▄ ▀▄▄▄██▄█▄█ ▀▄ ▄█ █ ▄▀▄▀▀▄  █ █   █▄▄ ██ ▄▄▄▄▄ █
2026-02-15 13:14:34: █ █   █ █▀█▄▀▀█▄██▀ ▄███ ▀▀█▀▄▄▄▀▄▄█▀▀ █▄██▄ ▄ ▄ ██ █   █ █
2026-02-15 13:14:34: █ █▄▄▄█ █▀ ▄▄▄▄▄▄█▀▄▄ ▀ ▀ █ ▄▄▄  ▀▀██▄▄▀▄▄▄   ▀▀▄██ █▄▄▄█ █
2026-02-15 13:14:34: █▄▄▄▄▄▄▄█▄▀▄█ ▀▄▀▄▀▄▀ ▀▄█ █ █▄█ ▀▄█ ▀▄█ ▀ █▄▀ ▀▄▀▄█▄▄▄▄▄▄▄█
2026-02-15 13:14:34: █ ▄   ▀▄▄ ▄▀ █▄█▄█▄▄▀█▄▀▀▀      ▀█▀█▀ ▀▄▀█▀ ██▄▄▄▀▄█ ▀▄▀ ██
2026-02-15 13:14:34: ██ ▀▄ █▄▀▀▄▀▀▀▄ ▀▀▀ ▀▀▀ █ ▀▄▀▄▀▄█▀▄ ▀█ ▀▄▀█ ▀▄ ▀█▀▀▄▀▄▀▀ ██
2026-02-15 13:14:34: █ ▄▀  █▄▄  ▄▄▀▄▄▄█▀ ▀▄▀▄▀  ▄█▀▀█ ▀▄█  ▀█ █▀  ▀██▀▀███▀▀▄▀▀█
2026-02-15 13:14:34: █▄▀▄▄ █▄▄ ▄▄█▀▄▀▀▄██▄▀▄ ▀▀▀▄▀▄█  ███▀▄ ██▀█▄▀ ▀█▄▄▄ ▀ ▀ █▀█
2026-02-15 13:14:34: ██▄▄▄ ▀▄▄   ▄▄▄██▄▄ ▀█▀▀▀▀ ▀▀   ▄▀▀▄▀ ▀█▄▀  ▀█▄▄▀ ▄▄ █▀▀▄▀█
2026-02-15 13:14:34: ███▀█▄ ▄█ █▀▄ ▀█▀ ▄   ▄█   ██▄▄▀▄▀█▄▀▄   ██ ▄▄█ ▄█ ▄█▀▀▀▄▀█
2026-02-15 13:14:34: █▄▄ ██▀▄▀▀ ██▄▀█▄▀▄ ▄█▀█▀▄▀▀▀▀▀▀▄█▄█ ▄███▀▀▀▄▀ █▄▀██ █▄▀  █
2026-02-15 13:14:34: █▄▀▀██▀▄▀█▄▄ ▄▄▄▄ ██▄█ █▀█▀  ▄█ ▄█▄ ▄ ▄ ▄█▄▄█▀ ▄ ██  █  ▀▀█
2026-02-15 13:14:34: ███▀█▄▄▄▄█▀▄ ▄▄▄██▀▄█▄██▄▀██▀█▀▀▄  █▄▄▀███▀▀▄▀██▀▀▄▄▀█▄ ▄ █
2026-02-15 13:14:34: █▀ ▄▄ ▄▄▄ █ ███▄ ▄▄█ ▀▄█▄▄▀ ▄▄▄   █▄ █▄▄ ▀█ ▄ ▄▄▄ ▄▄▄ ▀  ▀█
2026-02-15 13:14:34: █▄▀ ▀ █▄█  ▀█▄█▄▀▄▄▀ ▄▄█  ▀ █▄█ █▀▄█▀ ▄▄▀██▀▄█▄▄▀ █▄█ ██ ▀█
2026-02-15 13:14:34: █  ▄▄  ▄   ▄▄  █▀█▀█▀▀▄ ██▀▄▄ ▄▄█▀▄▀  ▄▄██▄██▀▄▄▀▄   ▄ ▀███
2026-02-15 13:14:34: ██▄▄▄██▄▄ █▄▀▄█▀▄█▄▄▀▄█▀▄▀██▄▄▀  █▀█▄▄▀▄█▀▄▀▄█▄████▀ ▄  ▄██
2026-02-15 13:14:34: █▄▀▄ ▄▄▄▄▀██▀█ ██ ▄▄▄▄  ▀▀▄ █ ▀ █▄  ▀█ █▀▀▄▀  ▄▀▀ ▀▀▄█ ▀ ██
2026-02-15 13:14:34: █▀▀ ██ ▄▀▀█▀▄▀▄▀▀█▄ ▀▀▄▀▄ ▄▄▀██▀ ▀█▄ ▄ ▄▀▀ ▀ ██▄▀▀▄▀▀▄▄▄█▀█
2026-02-15 13:14:34: ██▀█▀▄▀▄█▀▄ █▀█ ▀█▀ ▀ █▀▄ █▄▀█  ▀█ ▄▄ ▀▄▀▀▄▀██ ▀ ▄▀▀▄▀  ▄▄█
2026-02-15 13:14:34: ██▄█▄█▄▄▄ █▄▄▄  █▄▄▄▄▄██▀ █▀▄▄██▀█▀█   ███▀▀ ██▄█▀▀ █▄▄ ▀▀█
2026-02-15 13:14:34: ██ █  █▄▀ ▀▄▀ █▄  ▀ ▄▀▀ ▄▀▀▀▀▀▄ █▀ ▀▀  ▄ █▄▄▀▄▄▀ █ ▀█▄ ▀ ██
2026-02-15 13:14:34: █▄██▀██▄▀ █  ▀ ▀██▀ ▀█▀▄▀ █▀▄▄▀█ ███▄  ███▀  ▀▄██▀ ███ ▀ ▀█
2026-02-15 13:14:34: █ ▀ ▀▀▄▄▀▀█ ▀█▄  ▄ ▄▄ ▀▀█ █▄  ▄ ▄▀▄▀▀█▀▄▀ ▄█▄▀██▀█▄█ ▄█ █▀█
2026-02-15 13:14:34: ███████▄▄ █ ▄██ ▄█▄ ▀▄█▀ ▀▀ ▄▄▄ ▄▀▄█  ▀██▀   ████ ▄▄▄ ▄▀▄▀█
2026-02-15 13:14:34: █ ▄▄▄▄▄ █▄▄ ▄▀█▄▄▀▀▄████▄▀▄ █▄█ ▀█████  ▄ ▀▀▄██ █ █▄█ ▄▀ ▀█
2026-02-15 13:14:34: █ █   █ █  ▄██▄▀▄▀▄▄▄█▀▀▀▄▀    ▄▄▀ ▄ ▄ █▀▀ ▀ ▀█▄█▄▄▄▄▄▄▀▄██
2026-02-15 13:14:34: █ █▄▄▄█ █ ▄██▄▀▀▄ ▄ ▄██▀▀█▀▀▀▀▀████ ▄▄█ ████▄█ ▄   █▀▀▀ ███
2026-02-15 13:14:34: █▄▄▄▄▄▄▄█▄▄███▄▄██▄▄▄███▄▄▄████▄▄▄▄▄▄▄▄█████▄██▄█▄█▄████▄██
2026-02-15 13:14:34: 
2026-02-15 13:14:34: 
2026-02-15 13:14:34: ================================================================================
2026-02-15 13:14:34: 👉 Abra o WhatsApp no celular
2026-02-15 13:14:34: 👉 Vá em Menu > Aparelhos conectados
2026-02-15 13:14:34: 👉 Conectar um aparelho
2026-02-15 13:14:34: 👉 Escaneie o código acima
2026-02-15 13:14:34: ================================================================================
2026-02-15 13:14:34: 
2026-02-15 13:14:55: [15/02/2026, 09:14:55] ℹ️ INFO: ✅ Cliente autenticado com sucesso!
2026-02-15 13:14:55: [15/02/2026, 09:14:55] ℹ️ INFO: ✅ Cliente autenticado com sucesso!
2026-02-15 13:15:00: 
2026-02-15 13:15:00: ================================================================================
2026-02-15 13:15:00: 🎉 BOT INICIADO COM SUCESSO! 🎉
2026-02-15 13:15:00: ================================================================================
2026-02-15 13:15:00: 💬 Bot: Espaço Açaí & Gelatos v2.5.7 (CORREÇÃO CRÍTICA)
2026-02-15 13:15:00: ⏰ Horário: 16h - 22h30 (timezone: America/Fortaleza)
2026-02-15 13:15:00: 🔑 Modo teste: Digite "testacai" para testar fora do horário
2026-02-15 13:15:00: 🛑 Parar fluxo: Digite "stopacai" para encerrar atendimento
2026-02-15 13:15:00: 📞 Admin: 5598970278100
2026-02-15 13:15:00: ================================================================================
2026-02-15 13:15:00: 📋 v2.5.7 - CORREÇÃO CRÍTICA:
2026-02-15 13:15:00:    🐛 CORRIGIDO: Crash com mensagens de Canais/Communities
2026-02-15 13:15:00:    ✅ ADICIONADO: Proteção robusta contra getChat() undefined
2026-02-15 13:15:00:    ✅ ADICIONADO: Filtros para @newsletter e @broadcast
2026-02-15 13:15:00: ================================================================================
2026-02-15 13:15:00: 📋 v2.5.5 - Correções anteriores:
2026-02-15 13:15:00:    ✅ REMOVIDO: --single-process (causava ProtocolError)
2026-02-15 13:15:00:    ✅ CORRIGIDO: Timeout infinito para evitar TimeoutError
2026-02-15 13:15:00:    ✅ OTIMIZADO: Flags do Chrome/Chromium
2026-02-15 13:15:00: ================================================================================
2026-02-15 13:15:00: 📋 Funcionalidades mantidas (v2.5.4 e anteriores):
2026-02-15 13:15:00:    E1-E4 | A1-A5 | NF1-NF2 | T1-T8 | I1-I9
2026-02-15 13:15:00:    🏍️ Delivery | 🏪 Retirada | ❓ FAQ (8 perguntas)
2026-02-15 13:15:00:    🕐 Timezone America/Fortaleza | 🚫 Verificação de horário
2026-02-15 13:15:00: ================================================================================
2026-02-15 13:15:00: 👀 Aguardando mensagens...
2026-02-15 13:15:00: ================================================================================
2026-02-15 13:15:00: 
2026-02-15 13:15:16: [15/02/2026, 09:15:16] ℹ️ INFO: [MSG] De: 559870035468@c.us | Tipo: chat | Mídia: false | Audio: false
2026-02-15 13:15:16: 
2026-02-15 13:15:16: [HORÁRIO CHECK] ============================================
2026-02-15 13:15:16: [HORÁRIO CHECK] Telefone: 559870035468@c.us
2026-02-15 13:15:16: [HORÁRIO CHECK] Tem sessão ativa: NÃO
2026-02-15 13:15:16: [HORÁRIO CHECK] Estado atual: NENHUM
2026-02-15 13:15:16: [HORÁRIO CHECK] É cliente no BD: NÃO
2026-02-15 13:15:16: [HORÁRIO CHECK] Mensagem: "Oi"
2026-02-15 13:15:16: [HORÁRIO CHECK] É modo teste (mensagem): false
2026-02-15 13:15:16: [HORÁRIO CHECK] Sessão em modo teste: NÃO
2026-02-15 13:15:16: [HORÁRIO] Servidor: 2026-02-15T12:15:16.207Z | Brasil (America/Fortaleza): 9:15 | Decimal: 9.25 | Aberto: 16-22.5 | Resultado: FECHADO ❌
2026-02-15 13:15:18: [15/02/2026, 09:15:18] ℹ️ INFO: [FUNCIONÁRIO] Para: 559870035468@c.us | Tipo: chat | Msg: "Olá! 👋
2026-02-15 13:15:18: Obrigado por entrar em contato com o *Espa..."
2026-02-15 13:15:18: 
2026-02-15 13:15:18: ================================================================================
2026-02-15 13:15:18: [15/02/2026, 09:15:18] FUNCIONÁRIO
2026-02-15 13:15:18: 📞 Telefone: 559870035468
2026-02-15 13:15:18: 👤 Nome: (sem nome)
2026-02-15 13:15:18: 📋 Estado: FORA_DO_HORARIO
2026-02-15 13:15:18: ⚙️ Operação: Mensagem: "Olá! 👋
2026-02-15 13:15:18: Obrigado por entrar em contato com o *Espaço Açaí & Gelatos* 🍧💜
2026-02-15 13:15:18: No momento estamos fora do horário de atendimento.
2026-02-15 13:15:18: 🕓 Funcionamos das *16h às 22h30* (segunda a domingo).
2026-02-15 13:15:18: Se quiser, pode chamar novamente nesse horário 😍"
2026-02-15 13:15:18: ================================================================================
2026-02-15 13:15:18: 
2026-02-15 13:15:18: 
2026-02-15 13:15:18: ================================================================================
2026-02-15 13:15:18: [15/02/2026, 09:15:18] ENVIADA
2026-02-15 13:15:18: 📞 Telefone: 559870035468
2026-02-15 13:15:18: 👤 Nome: (sem nome)
2026-02-15 13:15:18: 📋 Estado: FORA_DO_HORARIO
2026-02-15 13:15:18: ⚙️ Operação: BLOQUEADO - Fora do horário (cliente NOVO)
2026-02-15 13:15:18: ================================================================================
2026-02-15 13:15:18: 
2026-02-15 13:15:18: [HORÁRIO CHECK] ❌ BLOQUEADO - Mensagem de fora do horário enviada
2026-02-15 13:15:18: [HORÁRIO CHECK] ============================================
2026-02-15 13:15:18: 
2026-02-15 13:15:20: [15/02/2026, 09:15:20] ℹ️ INFO: [MSG] De: 236055932461194@lid | Tipo: chat | Mídia: false | Audio: false
2026-02-15 13:15:20: 
2026-02-15 13:15:20: [HORÁRIO CHECK] ============================================
2026-02-15 13:15:20: [HORÁRIO CHECK] Telefone: 236055932461194@lid
2026-02-15 13:15:20: [HORÁRIO CHECK] Tem sessão ativa: NÃO
2026-02-15 13:15:20: [HORÁRIO CHECK] Estado atual: NENHUM
2026-02-15 13:15:20: [HORÁRIO CHECK] É cliente no BD: SIM
2026-02-15 13:15:20: [HORÁRIO CHECK] Mensagem: "Oi"
2026-02-15 13:15:20: [HORÁRIO CHECK] É modo teste (mensagem): false
2026-02-15 13:15:20: [HORÁRIO CHECK] Sessão em modo teste: NÃO
2026-02-15 13:15:20: [HORÁRIO] Servidor: 2026-02-15T12:15:20.429Z | Brasil (America/Fortaleza): 9:15 | Decimal: 9.25 | Aberto: 16-22.5 | Resultado: FECHADO ❌
2026-02-15 13:15:22: [15/02/2026, 09:15:22] ℹ️ INFO: [FUNCIONÁRIO] Para: 236055932461194@lid | Tipo: chat | Msg: "Olá! 👋
2026-02-15 13:15:22: Obrigado por entrar em contato com o *Espa..."
2026-02-15 13:15:22: 
2026-02-15 13:15:22: ================================================================================
2026-02-15 13:15:22: [15/02/2026, 09:15:22] FUNCIONÁRIO
2026-02-15 13:15:22: 📞 Telefone: 236055932461194@lid
2026-02-15 13:15:22: 👤 Nome: (sem nome)
2026-02-15 13:15:22: 📋 Estado: FORA_DO_HORARIO
2026-02-15 13:15:22: ⚙️ Operação: Mensagem: "Olá! 👋
2026-02-15 13:15:22: Obrigado por entrar em contato com o *Espaço Açaí & Gelatos* 🍧💜
2026-02-15 13:15:22: No momento estamos fora do horário de atendimento.
2026-02-15 13:15:22: 🕓 Funcionamos das *16h às 22h30* (segunda a domingo).
2026-02-15 13:15:22: Se quiser, pode chamar novamente nesse horário 😍"
2026-02-15 13:15:22: ================================================================================
2026-02-15 13:15:22: 
2026-02-15 13:15:22: 
2026-02-15 13:15:22: ================================================================================
2026-02-15 13:15:22: [15/02/2026, 09:15:22] ENVIADA
2026-02-15 13:15:22: 📞 Telefone: 236055932461194@lid
2026-02-15 13:15:22: 👤 Nome: Atenir
2026-02-15 13:15:22: 📋 Estado: FORA_DO_HORARIO
2026-02-15 13:15:22: ⚙️ Operação: BLOQUEADO - Fora do horário (cliente EXISTENTE)
2026-02-15 13:15:22: ================================================================================
2026-02-15 13:15:22: 
2026-02-15 13:15:22: [HORÁRIO CHECK] ❌ BLOQUEADO - Mensagem de fora do horário enviada
2026-02-15 13:15:22: [HORÁRIO CHECK] ============================================
2026-02-15 13:15:22: 
2026-02-15 13:15:30: [15/02/2026, 09:15:30] ℹ️ INFO: [MSG] De: 559870035468@c.us | Tipo: chat | Mídia: false | Audio: false
2026-02-15 13:15:30: 
2026-02-15 13:15:30: [HORÁRIO CHECK] ============================================
2026-02-15 13:15:30: [HORÁRIO CHECK] Telefone: 559870035468@c.us
2026-02-15 13:15:30: [HORÁRIO CHECK] Tem sessão ativa: SIM
2026-02-15 13:15:30: [HORÁRIO CHECK] Estado atual: FORA_DO_HORARIO
2026-02-15 13:15:30: [HORÁRIO CHECK] É cliente no BD: NÃO
2026-02-15 13:15:30: [HORÁRIO CHECK] Mensagem: "Oi"
2026-02-15 13:15:30: [HORÁRIO CHECK] É modo teste (mensagem): false
2026-02-15 13:15:30: [HORÁRIO CHECK] Sessão em modo teste: NÃO
2026-02-15 13:15:30: [HORÁRIO] Servidor: 2026-02-15T12:15:30.727Z | Brasil (America/Fortaleza): 9:15 | Decimal: 9.25 | Aberto: 16-22.5 | Resultado: FECHADO ❌
2026-02-15 13:15:30: [HORÁRIO CHECK] Já respondeu fora do horário - ignorando
2026-02-15 13:15:30: [HORÁRIO CHECK] ============================================
2026-02-15 13:15:30: 
2026-02-15 13:15:31: [15/02/2026, 09:15:31] ℹ️ INFO: [MSG] De: 236055932461194@lid | Tipo: chat | Mídia: false | Audio: false
2026-02-15 13:15:31: 
2026-02-15 13:15:31: [HORÁRIO CHECK] ============================================
2026-02-15 13:15:31: [HORÁRIO CHECK] Telefone: 236055932461194@lid
2026-02-15 13:15:31: [HORÁRIO CHECK] Tem sessão ativa: SIM
2026-02-15 13:15:31: [HORÁRIO CHECK] Estado atual: FORA_DO_HORARIO
2026-02-15 13:15:31: [HORÁRIO CHECK] É cliente no BD: SIM
2026-02-15 13:15:31: [HORÁRIO CHECK] Mensagem: "Oi"
2026-02-15 13:15:31: [HORÁRIO CHECK] É modo teste (mensagem): false
2026-02-15 13:15:31: [HORÁRIO CHECK] Sessão em modo teste: NÃO
2026-02-15 13:15:31: [HORÁRIO] Servidor: 2026-02-15T12:15:31.030Z | Brasil (America/Fortaleza): 9:15 | Decimal: 9.25 | Aberto: 16-22.5 | Resultado: FECHADO ❌
2026-02-15 13:15:31: [HORÁRIO CHECK] Já respondeu fora do horário - ignorando
2026-02-15 13:15:31: [HORÁRIO CHECK] ============================================
2026-02-15 13:15:31: 
2026-02-15 13:15:35: [15/02/2026, 09:15:35] ℹ️ INFO: [MSG] De: 236055932461194@lid | Tipo: chat | Mídia: false | Audio: false
2026-02-15 13:15:35: 
2026-02-15 13:15:35: [HORÁRIO CHECK] ============================================
2026-02-15 13:15:35: [HORÁRIO CHECK] Telefone: 236055932461194@lid
2026-02-15 13:15:35: [HORÁRIO CHECK] Tem sessão ativa: SIM
2026-02-15 13:15:35: [HORÁRIO CHECK] Estado atual: FORA_DO_HORARIO
2026-02-15 13:15:35: [HORÁRIO CHECK] É cliente no BD: SIM
2026-02-15 13:15:35: [HORÁRIO CHECK] Mensagem: "Oi"
2026-02-15 13:15:35: [HORÁRIO CHECK] É modo teste (mensagem): false
2026-02-15 13:15:35: [HORÁRIO CHECK] Sessão em modo teste: NÃO
2026-02-15 13:15:35: [HORÁRIO] Servidor: 2026-02-15T12:15:35.072Z | Brasil (America/Fortaleza): 9:15 | Decimal: 9.25 | Aberto: 16-22.5 | Resultado: FECHADO ❌
2026-02-15 13:15:35: [HORÁRIO CHECK] Já respondeu fora do horário - ignorando
2026-02-15 13:15:35: [HORÁRIO CHECK] ============================================
2026-02-15 13:15:35: 
2026-02-15 13:15:36: [15/02/2026, 09:15:36] ℹ️ INFO: [MSG] De: 559870035468@c.us | Tipo: chat | Mídia: false | Audio: false
2026-02-15 13:15:36: 
2026-02-15 13:15:36: [HORÁRIO CHECK] ============================================
2026-02-15 13:15:36: [HORÁRIO CHECK] Telefone: 559870035468@c.us
2026-02-15 13:15:36: [HORÁRIO CHECK] Tem sessão ativa: SIM
2026-02-15 13:15:36: [HORÁRIO CHECK] Estado atual: FORA_DO_HORARIO
2026-02-15 13:15:36: [HORÁRIO CHECK] É cliente no BD: NÃO
2026-02-15 13:15:36: [HORÁRIO CHECK] Mensagem: "Oi"
2026-02-15 13:15:36: [HORÁRIO CHECK] É modo teste (mensagem): false
2026-02-15 13:15:36: [HORÁRIO CHECK] Sessão em modo teste: NÃO
2026-02-15 13:15:36: [HORÁRIO] Servidor: 2026-02-15T12:15:36.466Z | Brasil (America/Fortaleza): 9:15 | Decimal: 9.25 | Aberto: 16-22.5 | Resultado: FECHADO ❌
2026-02-15 13:15:36: [HORÁRIO CHECK] Já respondeu fora do horário - ignorando
2026-02-15 13:15:36: [HORÁRIO CHECK] ============================================
2026-02-15 13:15:36: 
2026-02-15 13:15:46: [15/02/2026, 09:15:46] ℹ️ INFO: [MSG] De: 559870035468@c.us | Tipo: chat | Mídia: false | Audio: false
2026-02-15 13:15:46: 
2026-02-15 13:15:46: [HORÁRIO CHECK] ============================================
2026-02-15 13:15:46: [HORÁRIO CHECK] Telefone: 559870035468@c.us
2026-02-15 13:15:46: [HORÁRIO CHECK] Tem sessão ativa: SIM
2026-02-15 13:15:46: [HORÁRIO CHECK] Estado atual: FORA_DO_HORARIO
2026-02-15 13:15:46: [HORÁRIO CHECK] É cliente no BD: NÃO
2026-02-15 13:15:46: [HORÁRIO CHECK] Mensagem: "Testacai"
2026-02-15 13:15:46: [HORÁRIO CHECK] É modo teste (mensagem): true
2026-02-15 13:15:46: [HORÁRIO CHECK] Sessão em modo teste: NÃO
2026-02-15 13:15:46: [HORÁRIO] Servidor: 2026-02-15T12:15:46.958Z | Brasil (America/Fortaleza): 9:15 | Decimal: 9.25 | Aberto: 16-22.5 | Resultado: FECHADO ❌
2026-02-15 13:15:46: [HORÁRIO CHECK] ✅ Horário OK ou modo teste - continuando fluxo
2026-02-15 13:15:46: [HORÁRIO CHECK] ============================================
2026-02-15 13:15:46: 
2026-02-15 13:15:46: 
2026-02-15 13:15:46: ================================================================================
2026-02-15 13:15:46: [15/02/2026, 09:15:46] RECEBIDA
2026-02-15 13:15:46: 📞 Telefone: 559870035468
2026-02-15 13:15:46: 👤 Nome: (desconhecido)
2026-02-15 13:15:46: 📋 Estado: FORA_DO_HORARIO
2026-02-15 13:15:46: ⚙️ Operação: Mensagem: "Testacai" | Áudio: false | Mídia: false
2026-02-15 13:15:46: ================================================================================
2026-02-15 13:15:46: 
2026-02-15 13:15:46: [15/02/2026, 09:15:46] ℹ️ INFO: Modo teste ativado para 559870035468
2026-02-15 13:15:48: [15/02/2026, 09:15:48] ℹ️ INFO: [FUNCIONÁRIO] Para: 559870035468@c.us | Tipo: chat | Msg: "Seja muito bem-vindo(a) ao *Espaço Açaí & Gelatos*..."
2026-02-15 13:15:48: 
2026-02-15 13:15:48: ================================================================================
2026-02-15 13:15:48: [15/02/2026, 09:15:48] FUNCIONÁRIO
2026-02-15 13:15:48: 📞 Telefone: 559870035468
2026-02-15 13:15:48: 👤 Nome: (sem nome)
2026-02-15 13:15:48: 📋 Estado: BOAS_VINDAS
2026-02-15 13:15:48: ⚙️ Operação: Mensagem: "Seja muito bem-vindo(a) ao *Espaço Açaí & Gelatos* 🍧💜
2026-02-15 13:15:48: Para eu te atender direitinho, me diga seu *nome*, por favor 😊"
2026-02-15 13:15:48: ================================================================================
2026-02-15 13:15:48: 
2026-02-15 13:15:48: 
2026-02-15 13:15:48: ================================================================================
2026-02-15 13:15:48: [15/02/2026, 09:15:48] ENVIADA
2026-02-15 13:15:48: 📞 Telefone: 559870035468@c.us
2026-02-15 13:15:48: 👤 Nome: (sem nome)
2026-02-15 13:15:48: 📋 Estado: BOAS_VINDAS
2026-02-15 13:15:48: ⚙️ Operação: Solicitado nome do cliente
2026-02-15 13:15:48: ================================================================================
2026-02-15 13:15:48: 
2026-02-15 13:15:51: [15/02/2026, 09:15:51] ℹ️ INFO: [MSG] De: 236055932461194@lid | Tipo: chat | Mídia: false | Audio: false
2026-02-15 13:15:51: 
2026-02-15 13:15:51: [HORÁRIO CHECK] ============================================
2026-02-15 13:15:51: [HORÁRIO CHECK] Telefone: 236055932461194@lid
2026-02-15 13:15:51: [HORÁRIO CHECK] Tem sessão ativa: SIM
2026-02-15 13:15:51: [HORÁRIO CHECK] Estado atual: FORA_DO_HORARIO
2026-02-15 13:15:51: [HORÁRIO CHECK] É cliente no BD: SIM
2026-02-15 13:15:51: [HORÁRIO CHECK] Mensagem: "Testacai"
2026-02-15 13:15:51: [HORÁRIO CHECK] É modo teste (mensagem): true
2026-02-15 13:15:51: [HORÁRIO CHECK] Sessão em modo teste: NÃO
2026-02-15 13:15:51: [HORÁRIO] Servidor: 2026-02-15T12:15:51.011Z | Brasil (America/Fortaleza): 9:15 | Decimal: 9.25 | Aberto: 16-22.5 | Resultado: FECHADO ❌
2026-02-15 13:15:51: [HORÁRIO CHECK] ✅ Horário OK ou modo teste - continuando fluxo
2026-02-15 13:15:51: [HORÁRIO CHECK] ============================================
2026-02-15 13:15:51: 
2026-02-15 13:15:51: 
2026-02-15 13:15:51: ================================================================================
2026-02-15 13:15:51: [15/02/2026, 09:15:51] RECEBIDA
2026-02-15 13:15:51: 📞 Telefone: 236055932461194@lid
2026-02-15 13:15:51: 👤 Nome: Atenir
2026-02-15 13:15:51: 📋 Estado: FORA_DO_HORARIO
2026-02-15 13:15:51: ⚙️ Operação: Mensagem: "Testacai" | Áudio: false | Mídia: false
2026-02-15 13:15:51: ================================================================================
2026-02-15 13:15:51: 
2026-02-15 13:15:51: [15/02/2026, 09:15:51] ℹ️ INFO: Modo teste ativado para 236055932461194@lid
2026-02-15 13:15:51: [DB] temPedidoAnterior(236055932461194@lid): true - pedido válido com 1 itens
2026-02-15 13:15:52: [15/02/2026, 09:15:52] ℹ️ INFO: [FUNCIONÁRIO] Para: 236055932461194@lid | Tipo: chat | Msg: "Olá, *Boa tarde Atenir!* 😍🍧
2026-02-15 13:15:52: Que bom ver você de ..."
2026-02-15 13:15:52: 
2026-02-15 13:15:52: ================================================================================
2026-02-15 13:15:52: [15/02/2026, 09:15:52] FUNCIONÁRIO
2026-02-15 13:15:52: 📞 Telefone: 236055932461194@lid
2026-02-15 13:15:52: 👤 Nome: (sem nome)
2026-02-15 13:15:52: 📋 Estado: RETURNING_CUSTOMER_MENU
2026-02-15 13:15:52: ⚙️ Operação: Mensagem: "Olá, *Boa tarde Atenir!* 😍🍧
2026-02-15 13:15:52: Que bom ver você de volta no *Espaço Açaí & Gelatos* 💜
2026-02-15 13:15:52: *❯ 1-* 🔁 Repetir meu último pedido
2026-02-15 13:15:52: *❯ 2-* 📝 Montar meu pedido"
2026-02-15 13:15:52: ================================================================================
2026-02-15 13:15:52: 
2026-02-15 13:15:52: 
2026-02-15 13:15:52: ================================================================================
2026-02-15 13:15:52: [15/02/2026, 09:15:52] ENVIADA
2026-02-15 13:15:52: 📞 Telefone: 236055932461194@lid
2026-02-15 13:15:52: 👤 Nome: Atenir
2026-02-15 13:15:52: 📋 Estado: RETURNING_CUSTOMER_MENU
2026-02-15 13:15:52: ⚙️ Operação: Enviado menu para cliente retornante (E3 - cliente antigo)
2026-02-15 13:15:52: ================================================================================
2026-02-15 13:15:52: 
2026-02-15 13:15:54: [15/02/2026, 09:15:54] ℹ️ INFO: [MSG] De: 559870035468@c.us | Tipo: chat | Mídia: false | Audio: false
2026-02-15 13:15:54: 
2026-02-15 13:15:54: [HORÁRIO CHECK] ============================================
2026-02-15 13:15:54: [HORÁRIO CHECK] Telefone: 559870035468@c.us
2026-02-15 13:15:54: [HORÁRIO CHECK] Tem sessão ativa: SIM
2026-02-15 13:15:54: [HORÁRIO CHECK] Estado atual: BOAS_VINDAS
2026-02-15 13:15:54: [HORÁRIO CHECK] É cliente no BD: NÃO
2026-02-15 13:15:54: [HORÁRIO CHECK] Mensagem: "Ana Maria"
2026-02-15 13:15:54: [HORÁRIO CHECK] É modo teste (mensagem): false
2026-02-15 13:15:54: [HORÁRIO CHECK] Sessão em modo teste: SIM
2026-02-15 13:15:54: [HORÁRIO] Servidor: 2026-02-15T12:15:54.840Z | Brasil (America/Fortaleza): 9:15 | Decimal: 9.25 | Aberto: 16-22.5 | Resultado: FECHADO ❌
2026-02-15 13:15:54: [HORÁRIO CHECK] ✅ Horário OK ou modo teste - continuando fluxo
2026-02-15 13:15:54: [HORÁRIO CHECK] ============================================
2026-02-15 13:15:54: 
2026-02-15 13:15:54: 
2026-02-15 13:15:54: ================================================================================
2026-02-15 13:15:54: [15/02/2026, 09:15:54] RECEBIDA
2026-02-15 13:15:54: 📞 Telefone: 559870035468
2026-02-15 13:15:54: 👤 Nome: (desconhecido)
2026-02-15 13:15:54: 📋 Estado: BOAS_VINDAS
2026-02-15 13:15:54: ⚙️ Operação: Mensagem: "Ana Maria" | Áudio: false | Mídia: false
2026-02-15 13:15:54: ================================================================================
2026-02-15 13:15:54: 
2026-02-15 13:15:54: 💾 BD salvo: 3 clientes
2026-02-15 13:15:54: ✅ Cliente criado e salvo: Ana (559870035468@c.us)
2026-02-15 13:15:54: 
2026-02-15 13:15:54: ================================================================================
2026-02-15 13:15:54: [15/02/2026, 09:15:54] OPERAÇÃO
2026-02-15 13:15:54: 📞 Telefone: 559870035468
2026-02-15 13:15:54: 👤 Nome: Ana
2026-02-15 13:15:54: 📋 Estado: BOAS_VINDAS
2026-02-15 13:15:54: ⚙️ Operação: Nome validado e salvo: Ana Maria
2026-02-15 13:15:54: ================================================================================
2026-02-15 13:15:54: 
2026-02-15 13:15:56: [15/02/2026, 09:15:56] ℹ️ INFO: [FUNCIONÁRIO] Para: 559870035468@c.us | Tipo: chat | Msg: "Prazer, *Ana!* 
2026-02-15 13:15:56: Vou te mandar o nosso cardápio com..."
2026-02-15 13:15:56: 
2026-02-15 13:15:56: ================================================================================
2026-02-15 13:15:56: [15/02/2026, 09:15:56] FUNCIONÁRIO
2026-02-15 13:15:56: 📞 Telefone: 559870035468
2026-02-15 13:15:56: 👤 Nome: (sem nome)
2026-02-15 13:15:56: 📋 Estado: CONFIRMA_NOME
2026-02-15 13:15:56: ⚙️ Operação: Mensagem: "Prazer, *Ana!* 
2026-02-15 13:15:56: Vou te mandar o nosso cardápio completo 👇"
2026-02-15 13:15:56: ================================================================================
2026-02-15 13:15:56: 
2026-02-15 13:16:00: [15/02/2026, 09:16:00] ℹ️ INFO: [MSG] De: 236055932461194@lid | Tipo: chat | Mídia: false | Audio: false
2026-02-15 13:16:00: 
2026-02-15 13:16:00: [HORÁRIO CHECK] ============================================
2026-02-15 13:16:00: [HORÁRIO CHECK] Telefone: 236055932461194@lid
2026-02-15 13:16:00: [HORÁRIO CHECK] Tem sessão ativa: SIM
2026-02-15 13:16:00: [HORÁRIO CHECK] Estado atual: RETURNING_CUSTOMER_MENU
2026-02-15 13:16:00: [HORÁRIO CHECK] É cliente no BD: SIM
2026-02-15 13:16:00: [HORÁRIO CHECK] Mensagem: "2"
2026-02-15 13:16:00: [HORÁRIO CHECK] É modo teste (mensagem): false
2026-02-15 13:16:00: [HORÁRIO CHECK] Sessão em modo teste: SIM
2026-02-15 13:16:00: [HORÁRIO] Servidor: 2026-02-15T12:16:00.880Z | Brasil (America/Fortaleza): 9:16 | Decimal: 9.27 | Aberto: 16-22.5 | Resultado: FECHADO ❌
2026-02-15 13:16:00: [HORÁRIO CHECK] ✅ Horário OK ou modo teste - continuando fluxo
2026-02-15 13:16:00: [HORÁRIO CHECK] ============================================
2026-02-15 13:16:00: 
2026-02-15 13:16:00: 
2026-02-15 13:16:00: ================================================================================
2026-02-15 13:16:00: [15/02/2026, 09:16:00] RECEBIDA
2026-02-15 13:16:00: 📞 Telefone: 236055932461194@lid
2026-02-15 13:16:00: 👤 Nome: Atenir
2026-02-15 13:16:00: 📋 Estado: RETURNING_CUSTOMER_MENU
2026-02-15 13:16:00: ⚙️ Operação: Mensagem: "2" | Áudio: false | Mídia: false
2026-02-15 13:16:00: ================================================================================
2026-02-15 13:16:00: 
2026-02-15 13:16:01: [15/02/2026, 09:16:01] ℹ️ INFO: [FUNCIONÁRIO] Para: 559870035468@c.us | Tipo: image | Msg: "..."
2026-02-15 13:16:01: 
2026-02-15 13:16:01: ================================================================================
2026-02-15 13:16:01: [15/02/2026, 09:16:01] FUNCIONÁRIO
2026-02-15 13:16:01: 📞 Telefone: 559870035468
2026-02-15 13:16:01: 👤 Nome: (sem nome)
2026-02-15 13:16:01: 📋 Estado: CONFIRMA_NOME
2026-02-15 13:16:01: ⚙️ Operação: Mensagem: ""
2026-02-15 13:16:01: ================================================================================
2026-02-15 13:16:01: 
2026-02-15 13:16:01: 
2026-02-15 13:16:01: ================================================================================
2026-02-15 13:16:01: [15/02/2026, 09:16:01] ENVIADA
2026-02-15 13:16:01: 📞 Telefone: 559870035468
2026-02-15 13:16:01: 👤 Nome: Ana
2026-02-15 13:16:01: 📋 Estado: CONFIRMA_NOME
2026-02-15 13:16:01: ⚙️ Operação: Enviado cardápio e confirmação de nome
2026-02-15 13:16:01: ================================================================================
2026-02-15 13:16:01: 
2026-02-15 13:16:02: [15/02/2026, 09:16:02] ℹ️ INFO: [FUNCIONÁRIO] Para: 236055932461194@lid | Tipo: chat | Msg: "Segue nosso cardápio completo 👇..."
2026-02-15 13:16:02: 
2026-02-15 13:16:02: ================================================================================
2026-02-15 13:16:02: [15/02/2026, 09:16:02] FUNCIONÁRIO
2026-02-15 13:16:02: 📞 Telefone: 236055932461194@lid
2026-02-15 13:16:02: 👤 Nome: (sem nome)
2026-02-15 13:16:02: 📋 Estado: RETURNING_CUSTOMER_MENU
2026-02-15 13:16:02: ⚙️ Operação: Mensagem: "Segue nosso cardápio completo 👇"
2026-02-15 13:16:02: ================================================================================
2026-02-15 13:16:02: 
2026-02-15 13:16:04: [15/02/2026, 09:16:04] ℹ️ INFO: [FUNCIONÁRIO] Para: 559870035468@c.us | Tipo: chat | Msg: "Só explicando rapidinho como funciona aqui 💡🍧
2026-02-15 13:16:04:   ..."
2026-02-15 13:16:04: 
2026-02-15 13:16:04: ================================================================================
2026-02-15 13:16:04: [15/02/2026, 09:16:04] FUNCIONÁRIO
2026-02-15 13:16:04: 📞 Telefone: 559870035468
2026-02-15 13:16:04: 👤 Nome: (sem nome)
2026-02-15 13:16:04: 📋 Estado: EXPLICA_FUNCIONAMENTO
2026-02-15 13:16:04: ⚙️ Operação: Mensagem: "Só explicando rapidinho como funciona aqui 💡🍧
2026-02-15 13:16:04:    *1.* Você escolhe seu açaí pelo whatsapp
2026-02-15 13:16:04:    *2.* Montamos e pesamos na balança
2026-02-15 13:16:04:    *3.* Te enviamos a foto do seu pedido 📸✅
2026-02-15 13:16:04:    *4.* O valor final é a soma do peso + taxa de entrega (caso escolha delivery)
2026-02-15 13:16:04: Como você prefere seguir?
2026-02-15 13:16:04: *❯ 1-* 🤔 Tenho dúvidas
2026-02-15 13:16:04: *❯ 2-* 📍 Taxas de entrega
2026-02-15 13:16:04: *❯ 3-* 📝 Montar meu pedido"
2026-02-15 13:16:04: ================================================================================
2026-02-15 13:16:04: 
2026-02-15 13:16:04: 
2026-02-15 13:16:04: ================================================================================
2026-02-15 13:16:04: [15/02/2026, 09:16:04] ENVIADA
2026-02-15 13:16:04: 📞 Telefone: 559870035468@c.us
2026-02-15 13:16:04: 👤 Nome: Ana
2026-02-15 13:16:04: 📋 Estado: EXPLICA_FUNCIONAMENTO
2026-02-15 13:16:04: ⚙️ Operação: Explicado funcionamento (Prompt 7 - com taxas)
2026-02-15 13:16:04: ================================================================================
2026-02-15 13:16:04: 
2026-02-15 13:16:05: [15/02/2026, 09:16:04] ℹ️ INFO: [FUNCIONÁRIO] Para: 236055932461194@lid | Tipo: image | Msg: "..."
2026-02-15 13:16:05: 
2026-02-15 13:16:05: ================================================================================
2026-02-15 13:16:05: [15/02/2026, 09:16:05] FUNCIONÁRIO
2026-02-15 13:16:05: 📞 Telefone: 236055932461194@lid
2026-02-15 13:16:05: 👤 Nome: (sem nome)
2026-02-15 13:16:05: 📋 Estado: RETURNING_CUSTOMER_MENU
2026-02-15 13:16:05: ⚙️ Operação: Mensagem: ""
2026-02-15 13:16:05: ================================================================================
2026-02-15 13:16:05: 
2026-02-15 13:16:08: [15/02/2026, 09:16:08] ℹ️ INFO: [FUNCIONÁRIO] Para: 236055932461194@lid | Tipo: chat | Msg: "Só explicando rapidinho como funciona aqui 💡🍧
2026-02-15 13:16:08:   ..."
2026-02-15 13:16:08: 
2026-02-15 13:16:08: ================================================================================
2026-02-15 13:16:08: [15/02/2026, 09:16:08] FUNCIONÁRIO
2026-02-15 13:16:08: 📞 Telefone: 236055932461194@lid
2026-02-15 13:16:08: 👤 Nome: (sem nome)
2026-02-15 13:16:08: 📋 Estado: EXPLICA_FUNCIONAMENTO
2026-02-15 13:16:08: ⚙️ Operação: Mensagem: "Só explicando rapidinho como funciona aqui 💡🍧
2026-02-15 13:16:08:    *1.* Você escolhe seu açaí pelo whatsapp
2026-02-15 13:16:08:    *2.* Montamos e pesamos na balança
2026-02-15 13:16:08:    *3.* Te enviamos a foto do seu pedido 📸✅
2026-02-15 13:16:08:    *4.* O valor final é a soma do peso + taxa de entrega (caso escolha delivery)
2026-02-15 13:16:08: Como você prefere seguir?
2026-02-15 13:16:08: *❯ 1-* 🤔 Tenho dúvidas
2026-02-15 13:16:08: *❯ 2-* 📍 Taxas de entrega
2026-02-15 13:16:08: *❯ 3-* 📝 Montar meu pedido"
2026-02-15 13:16:08: ================================================================================
2026-02-15 13:16:08: 
2026-02-15 13:16:08: 
2026-02-15 13:16:08: ================================================================================
2026-02-15 13:16:08: [15/02/2026, 09:16:08] ENVIADA
2026-02-15 13:16:08: 📞 Telefone: 236055932461194@lid
2026-02-15 13:16:08: 👤 Nome: Atenir
2026-02-15 13:16:08: 📋 Estado: EXPLICA_FUNCIONAMENTO
2026-02-15 13:16:08: ⚙️ Operação: Explicado funcionamento (Prompt 7 - com taxas)
2026-02-15 13:16:08: ================================================================================
2026-02-15 13:16:08: 
2026-02-15 13:16:08: 
2026-02-15 13:16:08: ================================================================================
2026-02-15 13:16:08: [15/02/2026, 09:16:08] OPERAÇÃO
2026-02-15 13:16:08: 📞 Telefone: 236055932461194@lid
2026-02-15 13:16:08: 👤 Nome: Atenir
2026-02-15 13:16:08: 📋 Estado: RETURNING_CUSTOMER_MENU
2026-02-15 13:16:08: ⚙️ Operação: Cliente escolheu montar novo pedido
2026-02-15 13:16:08: ================================================================================
2026-02-15 13:16:08: 
2026-02-15 13:16:11: [15/02/2026, 09:16:11] ℹ️ INFO: [MSG] De: 559870035468@c.us | Tipo: ptt | Mídia: true | Audio: true
2026-02-15 13:16:11: 
2026-02-15 13:16:11: [HORÁRIO CHECK] ============================================
2026-02-15 13:16:11: [HORÁRIO CHECK] Telefone: 559870035468@c.us
2026-02-15 13:16:11: [HORÁRIO CHECK] Tem sessão ativa: SIM
2026-02-15 13:16:11: [HORÁRIO CHECK] Estado atual: EXPLICA_FUNCIONAMENTO
2026-02-15 13:16:11: [HORÁRIO CHECK] É cliente no BD: SIM
2026-02-15 13:16:11: [HORÁRIO CHECK] Mensagem: ""
2026-02-15 13:16:11: [HORÁRIO CHECK] É modo teste (mensagem): false
2026-02-15 13:16:11: [HORÁRIO CHECK] Sessão em modo teste: SIM
2026-02-15 13:16:11: [HORÁRIO] Servidor: 2026-02-15T12:16:11.664Z | Brasil (America/Fortaleza): 9:16 | Decimal: 9.27 | Aberto: 16-22.5 | Resultado: FECHADO ❌
2026-02-15 13:16:11: [HORÁRIO CHECK] ✅ Horário OK ou modo teste - continuando fluxo
2026-02-15 13:16:11: [HORÁRIO CHECK] ============================================
2026-02-15 13:16:11: 
2026-02-15 13:16:11: 
2026-02-15 13:16:11: ================================================================================
2026-02-15 13:16:11: [15/02/2026, 09:16:11] RECEBIDA
2026-02-15 13:16:11: 📞 Telefone: 559870035468
2026-02-15 13:16:11: 👤 Nome: Ana
2026-02-15 13:16:11: 📋 Estado: EXPLICA_FUNCIONAMENTO
2026-02-15 13:16:11: ⚙️ Operação: Mensagem: "" | Áudio: true | Mídia: true
2026-02-15 13:16:11: ================================================================================
2026-02-15 13:16:11: 
2026-02-15 13:16:13: [15/02/2026, 09:16:13] ℹ️ INFO: [FUNCIONÁRIO] Para: 559870035468@c.us | Tipo: chat | Msg: "Desculpa, eu sou um assistente automático e não co..."
2026-02-15 13:16:13: 
2026-02-15 13:16:13: ================================================================================
2026-02-15 13:16:13: [15/02/2026, 09:16:13] FUNCIONÁRIO
2026-02-15 13:16:13: 📞 Telefone: 559870035468
2026-02-15 13:16:13: 👤 Nome: (sem nome)
2026-02-15 13:16:13: 📋 Estado: EXPLICA_FUNCIONAMENTO
2026-02-15 13:16:13: ⚙️ Operação: Mensagem: "Desculpa, eu sou um assistente automático e não consigo ouvir áudios no momento 😕🎧"
2026-02-15 13:16:13: ================================================================================
2026-02-15 13:16:13: 
2026-02-15 13:16:15: [15/02/2026, 09:16:15] ℹ️ INFO: [FUNCIONÁRIO] Para: 559870035468@c.us | Tipo: chat | Msg: "Só explicando rapidinho como funciona aqui 💡🍧
2026-02-15 13:16:15:   ..."
2026-02-15 13:16:15: 
2026-02-15 13:16:15: ================================================================================
2026-02-15 13:16:15: [15/02/2026, 09:16:15] FUNCIONÁRIO
2026-02-15 13:16:15: 📞 Telefone: 559870035468
2026-02-15 13:16:15: 👤 Nome: (sem nome)
2026-02-15 13:16:15: 📋 Estado: EXPLICA_FUNCIONAMENTO
2026-02-15 13:16:15: ⚙️ Operação: Mensagem: "Só explicando rapidinho como funciona aqui 💡🍧
2026-02-15 13:16:15:    *1.* Você escolhe seu açaí pelo whatsapp
2026-02-15 13:16:15:    *2.* Montamos e pesamos na balança
2026-02-15 13:16:15:    *3.* Te enviamos a foto do seu pedido 📸✅
2026-02-15 13:16:15:    *4.* O valor final é a soma do peso + taxa de entrega (caso escolha delivery)
2026-02-15 13:16:15: Como você prefere seguir?
2026-02-15 13:16:15: *❯ 1-* 🤔 Tenho dúvidas
2026-02-15 13:16:15: *❯ 2-* 📍 Taxas de entrega
2026-02-15 13:16:15: *❯ 3-* 📝 Montar meu pedido"
2026-02-15 13:16:15: ================================================================================
2026-02-15 13:16:15: 
2026-02-15 13:16:16: [15/02/2026, 09:16:16] ℹ️ INFO: [MSG] De: 236055932461194@lid | Tipo: chat | Mídia: false | Audio: false
2026-02-15 13:16:16: 
2026-02-15 13:16:16: [HORÁRIO CHECK] ============================================
2026-02-15 13:16:16: [HORÁRIO CHECK] Telefone: 236055932461194@lid
2026-02-15 13:16:16: [HORÁRIO CHECK] Tem sessão ativa: SIM
2026-02-15 13:16:16: [HORÁRIO CHECK] Estado atual: EXPLICA_FUNCIONAMENTO
2026-02-15 13:16:16: [HORÁRIO CHECK] É cliente no BD: SIM
2026-02-15 13:16:16: [HORÁRIO CHECK] Mensagem: "2"
2026-02-15 13:16:16: [HORÁRIO CHECK] É modo teste (mensagem): false
2026-02-15 13:16:16: [HORÁRIO CHECK] Sessão em modo teste: SIM
2026-02-15 13:16:16: [HORÁRIO] Servidor: 2026-02-15T12:16:16.986Z | Brasil (America/Fortaleza): 9:16 | Decimal: 9.27 | Aberto: 16-22.5 | Resultado: FECHADO ❌
2026-02-15 13:16:16: [HORÁRIO CHECK] ✅ Horário OK ou modo teste - continuando fluxo
2026-02-15 13:16:17: [HORÁRIO CHECK] ============================================
2026-02-15 13:16:17: 
2026-02-15 13:16:17: 
2026-02-15 13:16:17: ================================================================================
2026-02-15 13:16:17: [15/02/2026, 09:16:17] RECEBIDA
2026-02-15 13:16:17: 📞 Telefone: 236055932461194@lid
2026-02-15 13:16:17: 👤 Nome: Atenir
2026-02-15 13:16:17: 📋 Estado: EXPLICA_FUNCIONAMENTO
2026-02-15 13:16:17: ⚙️ Operação: Mensagem: "2" | Áudio: false | Mídia: false
2026-02-15 13:16:17: ================================================================================
2026-02-15 13:16:17: 
2026-02-15 13:16:18: [15/02/2026, 09:16:18] ℹ️ INFO: [FUNCIONÁRIO] Para: 236055932461194@lid | Tipo: chat | Msg: "*━━ TAXAS DE ENTREGA ━━*
2026-02-15 13:16:18: *• Centro*: R$ 5,00
2026-02-15 13:16:18: *• Ar..."
2026-02-15 13:16:18: 
2026-02-15 13:16:18: ================================================================================
2026-02-15 13:16:18: [15/02/2026, 09:16:18] FUNCIONÁRIO
2026-02-15 13:16:18: 📞 Telefone: 236055932461194@lid
2026-02-15 13:16:18: 👤 Nome: (sem nome)
2026-02-15 13:16:18: 📋 Estado: EXIBE_TAXAS
2026-02-15 13:16:18: ⚙️ Operação: Mensagem: "*━━ TAXAS DE ENTREGA ━━*
2026-02-15 13:16:18: *• Centro*: R$ 5,00
2026-02-15 13:16:18: *• Arredores*: R$ 7,00
2026-02-15 13:16:18: *• Zé Gomes*: R$ 10,0
2026-02-15 13:16:18: *❯ 1-* 🤔 Tenho dúvidas
2026-02-15 13:16:18: *❯ 2-* 📝 Montar meu pedido"
2026-02-15 13:16:18: ================================================================================
2026-02-15 13:16:18: 
2026-02-15 13:16:18: 
2026-02-15 13:16:18: ================================================================================
2026-02-15 13:16:18: [15/02/2026, 09:16:18] ENVIADA
2026-02-15 13:16:18: 📞 Telefone: 236055932461194@lid
2026-02-15 13:16:18: 👤 Nome: Atenir
2026-02-15 13:16:18: 📋 Estado: EXPLICA_FUNCIONAMENTO
2026-02-15 13:16:18: ⚙️ Operação: Cliente escolheu: Taxas de entrega
2026-02-15 13:16:18: ================================================================================
2026-02-15 13:16:18: 
2026-02-15 13:16:23: [15/02/2026, 09:16:23] ℹ️ INFO: [MSG] De: 559870035468@c.us | Tipo: chat | Mídia: false | Audio: false
2026-02-15 13:16:23: 
2026-02-15 13:16:23: [HORÁRIO CHECK] ============================================
2026-02-15 13:16:23: [HORÁRIO CHECK] Telefone: 559870035468@c.us
2026-02-15 13:16:23: [HORÁRIO CHECK] Tem sessão ativa: SIM
2026-02-15 13:16:23: [HORÁRIO CHECK] Estado atual: EXPLICA_FUNCIONAMENTO
2026-02-15 13:16:23: [HORÁRIO CHECK] É cliente no BD: SIM
2026-02-15 13:16:23: [HORÁRIO CHECK] Mensagem: "1"
2026-02-15 13:16:23: [HORÁRIO CHECK] É modo teste (mensagem): false
2026-02-15 13:16:23: [HORÁRIO CHECK] Sessão em modo teste: SIM
2026-02-15 13:16:23: [HORÁRIO] Servidor: 2026-02-15T12:16:23.431Z | Brasil (America/Fortaleza): 9:16 | Decimal: 9.27 | Aberto: 16-22.5 | Resultado: FECHADO ❌
2026-02-15 13:16:23: [HORÁRIO CHECK] ✅ Horário OK ou modo teste - continuando fluxo
2026-02-15 13:16:23: [HORÁRIO CHECK] ============================================
2026-02-15 13:16:23: 
2026-02-15 13:16:23: 
2026-02-15 13:16:23: ================================================================================
2026-02-15 13:16:23: [15/02/2026, 09:16:23] RECEBIDA
2026-02-15 13:16:23: 📞 Telefone: 559870035468
2026-02-15 13:16:23: 👤 Nome: Ana
2026-02-15 13:16:23: 📋 Estado: EXPLICA_FUNCIONAMENTO
2026-02-15 13:16:23: ⚙️ Operação: Mensagem: "1" | Áudio: false | Mídia: false
2026-02-15 13:16:23: ================================================================================
2026-02-15 13:16:23: 
2026-02-15 13:16:25: [15/02/2026, 09:16:25] ℹ️ INFO: [FUNCIONÁRIO] Para: 559870035468@c.us | Tipo: chat | Msg: "Sem problemas, *Ana!* 🤝
2026-02-15 13:16:25: Escolha uma dúvida abaixo..."
2026-02-15 13:16:25: 
2026-02-15 13:16:25: ================================================================================
2026-02-15 13:16:25: [15/02/2026, 09:16:25] FUNCIONÁRIO
2026-02-15 13:16:25: 📞 Telefone: 559870035468
2026-02-15 13:16:25: 👤 Nome: (sem nome)
2026-02-15 13:16:25: 📋 Estado: FAQ_MENU
2026-02-15 13:16:25: ⚙️ Operação: Mensagem: "Sem problemas, *Ana!* 🤝
2026-02-15 13:16:25: Escolha uma dúvida abaixo (digite o número):
2026-02-15 13:16:25: 
2026-02-15 13:16:25: *1.* 💰 Como é calculado o valor?
2026-02-15 13:16:25: *2.* 🤳 Vocês enviam foto na balança?
2026-02-15 13:16:25: *3.* 🍧 Por que o preço não é fixo?
2026-02-15 13:16:25: *4.* ⏱️ Quanto tempo leva?
2026-02-15 13:16:25: *5.* 🧾 Posso mudar depois de montar?
2026-02-15 13:16:25: *6.* 🛵 Como funciona a taxa de entrega?
2026-02-15 13:16:25: *7.* 🏪 Posso fazer retirada no local?
2026-02-15 13:16:25: *8.* 👩‍💻 Quero falar com um atendente (suporte)
2026-02-15 13:16:25: 
2026-02-15 13:16:25: *❯* Digite: *1* a *8*
2026-02-15 13:16:25: *❯* Ou digite *0* para Montar meu pedido 🍧"
2026-02-15 13:16:25: ================================================================================
2026-02-15 13:16:25: 
2026-02-15 13:16:25: 
2026-02-15 13:16:25: ================================================================================
2026-02-15 13:16:25: [15/02/2026, 09:16:25] ENVIADA
2026-02-15 13:16:25: 📞 Telefone: 559870035468
2026-02-15 13:16:25: 👤 Nome: Ana
2026-02-15 13:16:25: 📋 Estado: EXPLICA_FUNCIONAMENTO
2026-02-15 13:16:25: ⚙️ Operação: Cliente escolheu: Tenho dúvidas
2026-02-15 13:16:25: ================================================================================
2026-02-15 13:16:25: 
2026-02-15 13:16:30: [15/02/2026, 09:16:30] ℹ️ INFO: [MSG] De: 236055932461194@lid | Tipo: chat | Mídia: false | Audio: false
2026-02-15 13:16:30: 
2026-02-15 13:16:30: [HORÁRIO CHECK] ============================================
2026-02-15 13:16:30: [HORÁRIO CHECK] Telefone: 236055932461194@lid
2026-02-15 13:16:30: [HORÁRIO CHECK] Tem sessão ativa: SIM
2026-02-15 13:16:30: [HORÁRIO CHECK] Estado atual: EXIBE_TAXAS
2026-02-15 13:16:30: [HORÁRIO CHECK] É cliente no BD: SIM
2026-02-15 13:16:30: [HORÁRIO CHECK] Mensagem: "2"
2026-02-15 13:16:30: [HORÁRIO CHECK] É modo teste (mensagem): false
2026-02-15 13:16:30: [HORÁRIO CHECK] Sessão em modo teste: SIM
2026-02-15 13:16:30: [HORÁRIO] Servidor: 2026-02-15T12:16:30.692Z | Brasil (America/Fortaleza): 9:16 | Decimal: 9.27 | Aberto: 16-22.5 | Resultado: FECHADO ❌
2026-02-15 13:16:30: [HORÁRIO CHECK] ✅ Horário OK ou modo teste - continuando fluxo
2026-02-15 13:16:30: [HORÁRIO CHECK] ============================================
2026-02-15 13:16:30: 
2026-02-15 13:16:30: 
2026-02-15 13:16:30: ================================================================================
2026-02-15 13:16:30: [15/02/2026, 09:16:30] RECEBIDA
2026-02-15 13:16:30: 📞 Telefone: 236055932461194@lid
2026-02-15 13:16:30: 👤 Nome: Atenir
2026-02-15 13:16:30: 📋 Estado: EXIBE_TAXAS
2026-02-15 13:16:30: ⚙️ Operação: Mensagem: "2" | Áudio: false | Mídia: false
2026-02-15 13:16:30: ================================================================================
2026-02-15 13:16:30: 
2026-02-15 13:16:32: [15/02/2026, 09:16:32] ℹ️ INFO: [FUNCIONÁRIO] Para: 236055932461194@lid | Tipo: chat | Msg: "*Atenir* vou te fazer algumas perguntas pra montar..."
2026-02-15 13:16:32: 
2026-02-15 13:16:32: ================================================================================
2026-02-15 13:16:32: [15/02/2026, 09:16:32] FUNCIONÁRIO
2026-02-15 13:16:32: 📞 Telefone: 236055932461194@lid
2026-02-15 13:16:32: 👤 Nome: (sem nome)
2026-02-15 13:16:32: 📋 Estado: BUILD_START
2026-02-15 13:16:32: ⚙️ Operação: Mensagem: "*Atenir* vou te fazer algumas perguntas pra montar seu açaí. 😄"
2026-02-15 13:16:32: ================================================================================
2026-02-15 13:16:32: 
2026-02-15 13:16:34: [15/02/2026, 09:16:34] ℹ️ INFO: [MSG] De: 559870035468@c.us | Tipo: chat | Mídia: false | Audio: false
2026-02-15 13:16:34: 
2026-02-15 13:16:34: [HORÁRIO CHECK] ============================================
2026-02-15 13:16:34: [HORÁRIO CHECK] Telefone: 559870035468@c.us
2026-02-15 13:16:34: [HORÁRIO CHECK] Tem sessão ativa: SIM
2026-02-15 13:16:34: [HORÁRIO CHECK] Estado atual: FAQ_MENU
2026-02-15 13:16:34: [HORÁRIO CHECK] É cliente no BD: SIM
2026-02-15 13:16:34: [HORÁRIO CHECK] Mensagem: "3"
2026-02-15 13:16:34: [HORÁRIO CHECK] É modo teste (mensagem): false
2026-02-15 13:16:34: [HORÁRIO CHECK] Sessão em modo teste: SIM
2026-02-15 13:16:34: [HORÁRIO] Servidor: 2026-02-15T12:16:34.167Z | Brasil (America/Fortaleza): 9:16 | Decimal: 9.27 | Aberto: 16-22.5 | Resultado: FECHADO ❌
2026-02-15 13:16:34: [HORÁRIO CHECK] ✅ Horário OK ou modo teste - continuando fluxo
2026-02-15 13:16:34: [HORÁRIO CHECK] ============================================
2026-02-15 13:16:34: 
2026-02-15 13:16:34: 
2026-02-15 13:16:34: ================================================================================
2026-02-15 13:16:34: [15/02/2026, 09:16:34] RECEBIDA
2026-02-15 13:16:34: 📞 Telefone: 559870035468
2026-02-15 13:16:34: 👤 Nome: Ana
2026-02-15 13:16:34: 📋 Estado: FAQ_MENU
2026-02-15 13:16:34: ⚙️ Operação: Mensagem: "3" | Áudio: false | Mídia: false
2026-02-15 13:16:34: ================================================================================
2026-02-15 13:16:34: 
2026-02-15 13:16:35: [15/02/2026, 09:16:35] ℹ️ INFO: [FUNCIONÁRIO] Para: 236055932461194@lid | Tipo: chat | Msg: "Primeiro: escolha o *tamanho* 🥛
2026-02-15 13:16:35: 
2026-02-15 13:16:35: 1. Marmita 300ml..."
2026-02-15 13:16:35: 
2026-02-15 13:16:35: ================================================================================
2026-02-15 13:16:35: [15/02/2026, 09:16:35] FUNCIONÁRIO
2026-02-15 13:16:35: 📞 Telefone: 236055932461194@lid
2026-02-15 13:16:35: 👤 Nome: (sem nome)
2026-02-15 13:16:35: 📋 Estado: BUILD_SIZE
2026-02-15 13:16:35: ⚙️ Operação: Mensagem: "Primeiro: escolha o *tamanho* 🥛
2026-02-15 13:16:35: 
2026-02-15 13:16:35: 1. Marmita 300ml
2026-02-15 13:16:35: 2. Marmita 500ml
2026-02-15 13:16:35: 3. Marmita 700ml
2026-02-15 13:16:35: 4. Copo 300ml
2026-02-15 13:16:35: 5. Copo 400ml
2026-02-15 13:16:35: 6. Copo 500ml
2026-02-15 13:16:35: 
2026-02-15 13:16:35: *❯*  Digite o número (ex.: *1*)"
2026-02-15 13:16:35: ================================================================================
2026-02-15 13:16:35: 
2026-02-15 13:16:35: 
2026-02-15 13:16:35: ================================================================================
2026-02-15 13:16:35: [15/02/2026, 09:16:35] OPERAÇÃO
2026-02-15 13:16:35: 📞 Telefone: 236055932461194@lid
2026-02-15 13:16:35: 👤 Nome: Atenir
2026-02-15 13:16:35: 📋 Estado: BUILD_START
2026-02-15 13:16:35: ⚙️ Operação: Iniciada montagem do Açaí #1
2026-02-15 13:16:35: ================================================================================
2026-02-15 13:16:35: 
2026-02-15 13:16:35: 
2026-02-15 13:16:35: ================================================================================
2026-02-15 13:16:35: [15/02/2026, 09:16:35] ENVIADA
2026-02-15 13:16:35: 📞 Telefone: 236055932461194@lid
2026-02-15 13:16:35: 👤 Nome: Atenir
2026-02-15 13:16:35: 📋 Estado: EXIBE_TAXAS
2026-02-15 13:16:35: ⚙️ Operação: Cliente escolheu: Montar pedido (após ver taxas)
2026-02-15 13:16:35: ================================================================================
2026-02-15 13:16:35: 
2026-02-15 13:16:35: [15/02/2026, 09:16:35] ℹ️ INFO: [FUNCIONÁRIO] Para: 559870035468@c.us | Tipo: chat | Msg: "O tamanho ajuda na montagem, mas o valor final não..."
2026-02-15 13:16:35: 
2026-02-15 13:16:35: ================================================================================
2026-02-15 13:16:35: [15/02/2026, 09:16:35] FUNCIONÁRIO
2026-02-15 13:16:35: 📞 Telefone: 559870035468
2026-02-15 13:16:35: 👤 Nome: (sem nome)
2026-02-15 13:16:35: 📋 Estado: FAQ_MENU
2026-02-15 13:16:35: ⚙️ Operação: Mensagem: "O tamanho ajuda na montagem, mas o valor final não é por tamanho e sim pelo peso"
2026-02-15 13:16:35: ================================================================================
2026-02-15 13:16:35: 
2026-02-15 13:16:39: [15/02/2026, 09:16:39] ℹ️ INFO: [FUNCIONÁRIO] Para: 559870035468@c.us | Tipo: chat | Msg: "Quer ver mais alguma dúvida? 
2026-02-15 13:16:39: *❯*  Digite outro nú..."
2026-02-15 13:16:39: 
2026-02-15 13:16:39: ================================================================================
2026-02-15 13:16:39: [15/02/2026, 09:16:39] FUNCIONÁRIO
2026-02-15 13:16:39: 📞 Telefone: 559870035468
2026-02-15 13:16:39: 👤 Nome: (sem nome)
2026-02-15 13:16:39: 📋 Estado: FAQ_NEXT
2026-02-15 13:16:39: ⚙️ Operação: Mensagem: "Quer ver mais alguma dúvida? 
2026-02-15 13:16:39: *❯*  Digite outro número: *1* a *7*
2026-02-15 13:16:39: *❯ 8-* 👩‍💻 Falar com atendente
2026-02-15 13:16:39: *❯ 0-* 🍧 Montar meu pedido"
2026-02-15 13:16:39: ================================================================================
2026-02-15 13:16:39: 
2026-02-15 13:16:39: 
2026-02-15 13:16:39: ================================================================================
2026-02-15 13:16:39: [15/02/2026, 09:16:39] OPERAÇÃO
2026-02-15 13:16:39: 📞 Telefone: 559870035468
2026-02-15 13:16:39: 👤 Nome: Ana
2026-02-15 13:16:39: 📋 Estado: FAQ_MENU
2026-02-15 13:16:39: ⚙️ Operação: Mostrada resposta FAQ #3
2026-02-15 13:16:39: ================================================================================
2026-02-15 13:16:39: 
2026-02-15 13:16:41: [15/02/2026, 09:16:41] ℹ️ INFO: [MSG] De: 559870035468@c.us | Tipo: chat | Mídia: false | Audio: false
2026-02-15 13:16:41: 
2026-02-15 13:16:41: [HORÁRIO CHECK] ============================================
2026-02-15 13:16:41: [HORÁRIO CHECK] Telefone: 559870035468@c.us
2026-02-15 13:16:41: [HORÁRIO CHECK] Tem sessão ativa: SIM
2026-02-15 13:16:41: [HORÁRIO CHECK] Estado atual: FAQ_NEXT
2026-02-15 13:16:41: [HORÁRIO CHECK] É cliente no BD: SIM
2026-02-15 13:16:41: [HORÁRIO CHECK] Mensagem: "0"
2026-02-15 13:16:41: [HORÁRIO CHECK] É modo teste (mensagem): false
2026-02-15 13:16:41: [HORÁRIO CHECK] Sessão em modo teste: SIM
2026-02-15 13:16:41: [HORÁRIO] Servidor: 2026-02-15T12:16:41.706Z | Brasil (America/Fortaleza): 9:16 | Decimal: 9.27 | Aberto: 16-22.5 | Resultado: FECHADO ❌
2026-02-15 13:16:41: [HORÁRIO CHECK] ✅ Horário OK ou modo teste - continuando fluxo
2026-02-15 13:16:41: [HORÁRIO CHECK] ============================================
2026-02-15 13:16:41: 
2026-02-15 13:16:41: 
2026-02-15 13:16:41: ================================================================================
2026-02-15 13:16:41: [15/02/2026, 09:16:41] RECEBIDA
2026-02-15 13:16:41: 📞 Telefone: 559870035468
2026-02-15 13:16:41: 👤 Nome: Ana
2026-02-15 13:16:41: 📋 Estado: FAQ_NEXT
2026-02-15 13:16:41: ⚙️ Operação: Mensagem: "0" | Áudio: false | Mídia: false
2026-02-15 13:16:41: ================================================================================
2026-02-15 13:16:41: 
2026-02-15 13:16:43: [15/02/2026, 09:16:43] ℹ️ INFO: [FUNCIONÁRIO] Para: 559870035468@c.us | Tipo: chat | Msg: "*Ana* vou te fazer algumas perguntas pra montar se..."
2026-02-15 13:16:43: 
2026-02-15 13:16:43: ================================================================================
2026-02-15 13:16:43: [15/02/2026, 09:16:43] FUNCIONÁRIO
2026-02-15 13:16:43: 📞 Telefone: 559870035468
2026-02-15 13:16:43: 👤 Nome: (sem nome)
2026-02-15 13:16:43: 📋 Estado: BUILD_START
2026-02-15 13:16:43: ⚙️ Operação: Mensagem: "*Ana* vou te fazer algumas perguntas pra montar seu açaí. 😄"
2026-02-15 13:16:43: ================================================================================
2026-02-15 13:16:43: 
2026-02-15 13:16:45: [15/02/2026, 09:16:45] ℹ️ INFO: [MSG] De: 236055932461194@lid | Tipo: chat | Mídia: false | Audio: false
2026-02-15 13:16:46: [15/02/2026, 09:16:46] ℹ️ INFO: [FUNCIONÁRIO] Para: 559870035468@c.us | Tipo: chat | Msg: "Primeiro: escolha o *tamanho* 🥛
2026-02-15 13:16:46: 
2026-02-15 13:16:46: 1. Marmita 300ml..."
2026-02-15 13:16:46: 
2026-02-15 13:16:46: ================================================================================
2026-02-15 13:16:46: [15/02/2026, 09:16:46] FUNCIONÁRIO
2026-02-15 13:16:46: 📞 Telefone: 559870035468
2026-02-15 13:16:46: 👤 Nome: (sem nome)
2026-02-15 13:16:46: 📋 Estado: BUILD_SIZE
2026-02-15 13:16:46: ⚙️ Operação: Mensagem: "Primeiro: escolha o *tamanho* 🥛
2026-02-15 13:16:46: 
2026-02-15 13:16:46: 1. Marmita 300ml
2026-02-15 13:16:46: 2. Marmita 500ml
2026-02-15 13:16:46: 3. Marmita 700ml
2026-02-15 13:16:46: 4. Copo 300ml
2026-02-15 13:16:46: 5. Copo 400ml
2026-02-15 13:16:46: 6. Copo 500ml
2026-02-15 13:16:46: 
2026-02-15 13:16:46: *❯*  Digite o número (ex.: *1*)"
2026-02-15 13:16:46: ================================================================================
2026-02-15 13:16:46: 
2026-02-15 13:16:46: 
2026-02-15 13:16:46: ================================================================================
2026-02-15 13:16:46: [15/02/2026, 09:16:46] OPERAÇÃO
2026-02-15 13:16:46: 📞 Telefone: 559870035468
2026-02-15 13:16:46: 👤 Nome: Ana
2026-02-15 13:16:46: 📋 Estado: BUILD_START
2026-02-15 13:16:46: ⚙️ Operação: Iniciada montagem do Açaí #1
2026-02-15 13:16:46: ================================================================================
2026-02-15 13:16:46: 
2026-02-15 13:16:47: [15/02/2026, 09:16:47] ℹ️ INFO: [FUNCIONÁRIO] Para: 236055932461194@lid | Tipo: chat | Msg: "Atendimento encerrado ✅
2026-02-15 13:16:47: Quando quiser pedir novame..."
2026-02-15 13:16:47: [15/02/2026, 09:16:47] ℹ️ INFO: [FUNCIONÁRIO] Mensagem para 236055932461194@lid - Sem sessão ativa
2026-02-15 13:16:47: 
2026-02-15 13:16:47: ================================================================================
2026-02-15 13:16:47: [15/02/2026, 09:16:47] OPERAÇÃO
2026-02-15 13:16:47: 📞 Telefone: 236055932461194@lid
2026-02-15 13:16:47: 👤 Nome: Atenir
2026-02-15 13:16:47: 📋 Estado: STOPACAI_DURANTE_FLUXO
2026-02-15 13:16:47: ⚙️ Operação: Cliente encerrou durante fluxo - sem aviso ao admin, sem reiniciar
2026-02-15 13:16:47: ================================================================================
2026-02-15 13:16:47: 
2026-02-15 13:16:54: [15/02/2026, 09:16:54] ℹ️ INFO: [MSG] De: 559870035468@c.us | Tipo: chat | Mídia: false | Audio: false
2026-02-15 13:16:56: [15/02/2026, 09:16:56] ℹ️ INFO: [FUNCIONÁRIO] Para: 559870035468@c.us | Tipo: chat | Msg: "Atendimento encerrado ✅
2026-02-15 13:16:56: Quando quiser pedir novame..."
2026-02-15 13:16:56: [15/02/2026, 09:16:56] ℹ️ INFO: [FUNCIONÁRIO] Mensagem para 559870035468@c.us - Sem sessão ativa
2026-02-15 13:16:56: 
2026-02-15 13:16:56: ================================================================================
2026-02-15 13:16:56: [15/02/2026, 09:16:56] OPERAÇÃO
2026-02-15 13:16:56: 📞 Telefone: 559870035468
2026-02-15 13:16:56: 👤 Nome: Ana
2026-02-15 13:16:56: 📋 Estado: STOPACAI_DESISTENCIA
2026-02-15 13:16:56: ⚙️ Operação: Cliente com nome registrado encerrou - sem aviso ao admin, sem reiniciar fluxo
2026-02-15 13:16:56: ================================================================================
2026-02-15 13:16:56: 
2026-02-15 13:16:57: [15/02/2026, 09:16:57] ℹ️ INFO: [MSG] De: 236055932461194@lid | Tipo: chat | Mídia: false | Audio: false
2026-02-15 13:16:57: 
2026-02-15 13:16:57: [HORÁRIO CHECK] ============================================
2026-02-15 13:16:57: [HORÁRIO CHECK] Telefone: 236055932461194@lid
2026-02-15 13:16:57: [HORÁRIO CHECK] Tem sessão ativa: NÃO
2026-02-15 13:16:57: [HORÁRIO CHECK] Estado atual: NENHUM
2026-02-15 13:16:57: [HORÁRIO CHECK] É cliente no BD: SIM
2026-02-15 13:16:57: [HORÁRIO CHECK] Mensagem: "Oi"
2026-02-15 13:16:57: [HORÁRIO CHECK] É modo teste (mensagem): false
2026-02-15 13:16:57: [HORÁRIO CHECK] Sessão em modo teste: NÃO
2026-02-15 13:16:57: [HORÁRIO] Servidor: 2026-02-15T12:16:57.902Z | Brasil (America/Fortaleza): 9:16 | Decimal: 9.27 | Aberto: 16-22.5 | Resultado: FECHADO ❌
2026-02-15 13:16:59: [15/02/2026, 09:16:59] ℹ️ INFO: [FUNCIONÁRIO] Para: 236055932461194@lid | Tipo: chat | Msg: "Olá! 👋
2026-02-15 13:16:59: Obrigado por entrar em contato com o *Espa..."
2026-02-15 13:16:59: 
2026-02-15 13:16:59: ================================================================================
2026-02-15 13:16:59: [15/02/2026, 09:16:59] FUNCIONÁRIO
2026-02-15 13:16:59: 📞 Telefone: 236055932461194@lid
2026-02-15 13:16:59: 👤 Nome: (sem nome)
2026-02-15 13:16:59: 📋 Estado: FORA_DO_HORARIO
2026-02-15 13:16:59: ⚙️ Operação: Mensagem: "Olá! 👋
2026-02-15 13:16:59: Obrigado por entrar em contato com o *Espaço Açaí & Gelatos* 🍧💜
2026-02-15 13:16:59: No momento estamos fora do horário de atendimento.
2026-02-15 13:16:59: 🕓 Funcionamos das *16h às 22h30* (segunda a domingo).
2026-02-15 13:16:59: Se quiser, pode chamar novamente nesse horário 😍"
2026-02-15 13:16:59: ================================================================================
2026-02-15 13:16:59: 
2026-02-15 13:16:59: 
2026-02-15 13:16:59: ================================================================================
2026-02-15 13:16:59: [15/02/2026, 09:16:59] ENVIADA
2026-02-15 13:16:59: 📞 Telefone: 236055932461194@lid
2026-02-15 13:16:59: 👤 Nome: Atenir
2026-02-15 13:16:59: 📋 Estado: FORA_DO_HORARIO
2026-02-15 13:16:59: ⚙️ Operação: BLOQUEADO - Fora do horário (cliente EXISTENTE)
2026-02-15 13:16:59: ================================================================================
2026-02-15 13:16:59: 
2026-02-15 13:16:59: [HORÁRIO CHECK] ❌ BLOQUEADO - Mensagem de fora do horário enviada
2026-02-15 13:16:59: [HORÁRIO CHECK] ============================================
2026-02-15 13:16:59: 
2026-02-15 13:17:01: [15/02/2026, 09:17:01] ℹ️ INFO: [MSG] De: 559870035468@c.us | Tipo: chat | Mídia: false | Audio: false
2026-02-15 13:17:01: 
2026-02-15 13:17:01: [HORÁRIO CHECK] ============================================
2026-02-15 13:17:01: [HORÁRIO CHECK] Telefone: 559870035468@c.us
2026-02-15 13:17:01: [HORÁRIO CHECK] Tem sessão ativa: NÃO
2026-02-15 13:17:01: [HORÁRIO CHECK] Estado atual: NENHUM
2026-02-15 13:17:01: [HORÁRIO CHECK] É cliente no BD: SIM
2026-02-15 13:17:01: [HORÁRIO CHECK] Mensagem: "Oi"
2026-02-15 13:17:01: [HORÁRIO CHECK] É modo teste (mensagem): false
2026-02-15 13:17:01: [HORÁRIO CHECK] Sessão em modo teste: NÃO
2026-02-15 13:17:01: [HORÁRIO] Servidor: 2026-02-15T12:17:01.120Z | Brasil (America/Fortaleza): 9:17 | Decimal: 9.28 | Aberto: 16-22.5 | Resultado: FECHADO ❌
2026-02-15 13:17:04: [15/02/2026, 09:17:04] ℹ️ INFO: [FUNCIONÁRIO] Para: 559870035468@c.us | Tipo: chat | Msg: "Olá! 👋
2026-02-15 13:17:04: Obrigado por entrar em contato com o *Espa..."
2026-02-15 13:17:04: 
2026-02-15 13:17:04: ================================================================================
2026-02-15 13:17:04: [15/02/2026, 09:17:04] FUNCIONÁRIO
2026-02-15 13:17:04: 📞 Telefone: 559870035468
2026-02-15 13:17:04: 👤 Nome: (sem nome)
2026-02-15 13:17:04: 📋 Estado: FORA_DO_HORARIO
2026-02-15 13:17:04: ⚙️ Operação: Mensagem: "Olá! 👋
2026-02-15 13:17:04: Obrigado por entrar em contato com o *Espaço Açaí & Gelatos* 🍧💜
2026-02-15 13:17:04: No momento estamos fora do horário de atendimento.
2026-02-15 13:17:04: 🕓 Funcionamos das *16h às 22h30* (segunda a domingo).
2026-02-15 13:17:04: Se quiser, pode chamar novamente nesse horário 😍"
2026-02-15 13:17:04: ================================================================================
2026-02-15 13:17:04: 
2026-02-15 13:17:04: 
2026-02-15 13:17:04: ================================================================================
2026-02-15 13:17:04: [15/02/2026, 09:17:04] ENVIADA
2026-02-15 13:17:04: 📞 Telefone: 559870035468
2026-02-15 13:17:04: 👤 Nome: Ana
2026-02-15 13:17:04: 📋 Estado: FORA_DO_HORARIO
2026-02-15 13:17:04: ⚙️ Operação: BLOQUEADO - Fora do horário (cliente EXISTENTE)
2026-02-15 13:17:04: ================================================================================
2026-02-15 13:17:04: 
2026-02-15 13:17:04: [HORÁRIO CHECK] ❌ BLOQUEADO - Mensagem de fora do horário enviada
2026-02-15 13:17:04: [HORÁRIO CHECK] ============================================
2026-02-15 13:17:04: 
2026-02-15 13:17:06: [15/02/2026, 09:17:06] ℹ️ INFO: [MSG] De: 559870035468@c.us | Tipo: chat | Mídia: false | Audio: false
2026-02-15 13:17:06: 
2026-02-15 13:17:06: [HORÁRIO CHECK] ============================================
2026-02-15 13:17:06: [HORÁRIO CHECK] Telefone: 559870035468@c.us
2026-02-15 13:17:06: [HORÁRIO CHECK] Tem sessão ativa: SIM
2026-02-15 13:17:06: [HORÁRIO CHECK] Estado atual: FORA_DO_HORARIO
2026-02-15 13:17:06: [HORÁRIO CHECK] É cliente no BD: SIM
2026-02-15 13:17:06: [HORÁRIO CHECK] Mensagem: "Testacai"
2026-02-15 13:17:06: [HORÁRIO CHECK] É modo teste (mensagem): true
2026-02-15 13:17:06: [HORÁRIO CHECK] Sessão em modo teste: NÃO
2026-02-15 13:17:06: [HORÁRIO] Servidor: 2026-02-15T12:17:06.378Z | Brasil (America/Fortaleza): 9:17 | Decimal: 9.28 | Aberto: 16-22.5 | Resultado: FECHADO ❌
2026-02-15 13:17:06: [HORÁRIO CHECK] ✅ Horário OK ou modo teste - continuando fluxo
2026-02-15 13:17:06: [HORÁRIO CHECK] ============================================
2026-02-15 13:17:06: 
2026-02-15 13:17:06: 
2026-02-15 13:17:06: ================================================================================
2026-02-15 13:17:06: [15/02/2026, 09:17:06] RECEBIDA
2026-02-15 13:17:06: 📞 Telefone: 559870035468
2026-02-15 13:17:06: 👤 Nome: Ana
2026-02-15 13:17:06: 📋 Estado: FORA_DO_HORARIO
2026-02-15 13:17:06: ⚙️ Operação: Mensagem: "Testacai" | Áudio: false | Mídia: false
2026-02-15 13:17:06: ================================================================================
2026-02-15 13:17:06: 
2026-02-15 13:17:06: [15/02/2026, 09:17:06] ℹ️ INFO: Modo teste ativado para 559870035468
2026-02-15 13:17:06: [DB] temPedidoAnterior(559870035468@c.us): false - ultimo_pedido é null
2026-02-15 13:17:08: [15/02/2026, 09:17:08] ℹ️ INFO: [FUNCIONÁRIO] Para: 559870035468@c.us | Tipo: chat | Msg: "Seja muito bem-vindo(a) ao *Espaço Açaí & Gelatos*..."
2026-02-15 13:17:08: 
2026-02-15 13:17:08: ================================================================================
2026-02-15 13:17:08: [15/02/2026, 09:17:08] FUNCIONÁRIO
2026-02-15 13:17:08: 📞 Telefone: 559870035468
2026-02-15 13:17:08: 👤 Nome: (sem nome)
2026-02-15 13:17:08: 📋 Estado: BOAS_VINDAS
2026-02-15 13:17:08: ⚙️ Operação: Mensagem: "Seja muito bem-vindo(a) ao *Espaço Açaí & Gelatos* 🍧💜
2026-02-15 13:17:08: Para eu te atender direitinho, me diga seu *nome*, por favor 😊"
2026-02-15 13:17:08: ================================================================================
2026-02-15 13:17:08: 
2026-02-15 13:17:08: 
2026-02-15 13:17:08: ================================================================================
2026-02-15 13:17:08: [15/02/2026, 09:17:08] ENVIADA
2026-02-15 13:17:08: 📞 Telefone: 559870035468@c.us
2026-02-15 13:17:08: 👤 Nome: (sem nome)
2026-02-15 13:17:08: 📋 Estado: BOAS_VINDAS
2026-02-15 13:17:08: ⚙️ Operação: Solicitado nome do cliente
2026-02-15 13:17:08: ================================================================================
2026-02-15 13:17:08: 
2026-02-15 13:17:09: [15/02/2026, 09:17:09] ℹ️ INFO: [MSG] De: 236055932461194@lid | Tipo: chat | Mídia: false | Audio: false
2026-02-15 13:17:09: 
2026-02-15 13:17:09: [HORÁRIO CHECK] ============================================
2026-02-15 13:17:09: [HORÁRIO CHECK] Telefone: 236055932461194@lid
2026-02-15 13:17:09: [HORÁRIO CHECK] Tem sessão ativa: SIM
2026-02-15 13:17:09: [HORÁRIO CHECK] Estado atual: FORA_DO_HORARIO
2026-02-15 13:17:09: [HORÁRIO CHECK] É cliente no BD: SIM
2026-02-15 13:17:09: [HORÁRIO CHECK] Mensagem: "Testacai"
2026-02-15 13:17:09: [HORÁRIO CHECK] É modo teste (mensagem): true
2026-02-15 13:17:09: [HORÁRIO CHECK] Sessão em modo teste: NÃO
2026-02-15 13:17:09: [HORÁRIO] Servidor: 2026-02-15T12:17:09.086Z | Brasil (America/Fortaleza): 9:17 | Decimal: 9.28 | Aberto: 16-22.5 | Resultado: FECHADO ❌
2026-02-15 13:17:09: [HORÁRIO CHECK] ✅ Horário OK ou modo teste - continuando fluxo
2026-02-15 13:17:09: [HORÁRIO CHECK] ============================================
2026-02-15 13:17:09: 
2026-02-15 13:17:09: 
2026-02-15 13:17:09: ================================================================================
2026-02-15 13:17:09: [15/02/2026, 09:17:09] RECEBIDA
2026-02-15 13:17:09: 📞 Telefone: 236055932461194@lid
2026-02-15 13:17:09: 👤 Nome: Atenir
2026-02-15 13:17:09: 📋 Estado: FORA_DO_HORARIO
2026-02-15 13:17:09: ⚙️ Operação: Mensagem: "Testacai" | Áudio: false | Mídia: false
2026-02-15 13:17:09: ================================================================================
2026-02-15 13:17:09: 
2026-02-15 13:17:09: [15/02/2026, 09:17:09] ℹ️ INFO: Modo teste ativado para 236055932461194@lid
2026-02-15 13:17:09: [DB] temPedidoAnterior(236055932461194@lid): true - pedido válido com 1 itens
2026-02-15 13:17:10: [15/02/2026, 09:17:10] ℹ️ INFO: [FUNCIONÁRIO] Para: 236055932461194@lid | Tipo: chat | Msg: "Olá, *Boa tarde Atenir!* 😍🍧
2026-02-15 13:17:10: Que bom ver você de ..."
2026-02-15 13:17:10: 
2026-02-15 13:17:10: ================================================================================
2026-02-15 13:17:10: [15/02/2026, 09:17:10] FUNCIONÁRIO
2026-02-15 13:17:10: 📞 Telefone: 236055932461194@lid
2026-02-15 13:17:10: 👤 Nome: (sem nome)
2026-02-15 13:17:10: 📋 Estado: RETURNING_CUSTOMER_MENU
2026-02-15 13:17:10: ⚙️ Operação: Mensagem: "Olá, *Boa tarde Atenir!* 😍🍧
2026-02-15 13:17:10: Que bom ver você de volta no *Espaço Açaí & Gelatos* 💜
2026-02-15 13:17:10: *❯ 1-* 🔁 Repetir meu último pedido
2026-02-15 13:17:10: *❯ 2-* 📝 Montar meu pedido"
2026-02-15 13:17:10: ================================================================================
2026-02-15 13:17:10: 
2026-02-15 13:17:10: 
2026-02-15 13:17:10: ================================================================================
2026-02-15 13:17:10: [15/02/2026, 09:17:10] ENVIADA
2026-02-15 13:17:10: 📞 Telefone: 236055932461194@lid
2026-02-15 13:17:10: 👤 Nome: Atenir
2026-02-15 13:17:10: 📋 Estado: RETURNING_CUSTOMER_MENU
2026-02-15 13:17:10: ⚙️ Operação: Enviado menu para cliente retornante (E3 - cliente antigo)
2026-02-15 13:17:10: ================================================================================
2026-02-15 13:17:10: 
2026-02-15 13:17:26: [15/02/2026, 09:17:26] ℹ️ INFO: [MSG] De: 559870035468@c.us | Tipo: chat | Mídia: false | Audio: false
2026-02-15 13:17:26: 
2026-02-15 13:17:26: [HORÁRIO CHECK] ============================================
2026-02-15 13:17:26: [HORÁRIO CHECK] Telefone: 559870035468@c.us
2026-02-15 13:17:26: [HORÁRIO CHECK] Tem sessão ativa: SIM
2026-02-15 13:17:26: [HORÁRIO CHECK] Estado atual: BOAS_VINDAS
2026-02-15 13:17:26: [HORÁRIO CHECK] É cliente no BD: SIM
2026-02-15 13:17:26: [HORÁRIO CHECK] Mensagem: "Ana Maria"
2026-02-15 13:17:26: [HORÁRIO CHECK] É modo teste (mensagem): false
2026-02-15 13:17:26: [HORÁRIO CHECK] Sessão em modo teste: SIM
2026-02-15 13:17:26: [HORÁRIO] Servidor: 2026-02-15T12:17:26.424Z | Brasil (America/Fortaleza): 9:17 | Decimal: 9.28 | Aberto: 16-22.5 | Resultado: FECHADO ❌
2026-02-15 13:17:26: [HORÁRIO CHECK] ✅ Horário OK ou modo teste - continuando fluxo
2026-02-15 13:17:26: [HORÁRIO CHECK] ============================================
2026-02-15 13:17:26: 
2026-02-15 13:17:26: 
2026-02-15 13:17:26: ================================================================================
2026-02-15 13:17:26: [15/02/2026, 09:17:26] RECEBIDA
2026-02-15 13:17:26: 📞 Telefone: 559870035468
2026-02-15 13:17:26: 👤 Nome: Ana
2026-02-15 13:17:26: 📋 Estado: BOAS_VINDAS
2026-02-15 13:17:26: ⚙️ Operação: Mensagem: "Ana Maria" | Áudio: false | Mídia: false
2026-02-15 13:17:26: ================================================================================
2026-02-15 13:17:26: 
2026-02-15 13:17:26: 💾 BD salvo: 3 clientes
2026-02-15 13:17:26: ✅ Cliente criado e salvo: Ana (559870035468@c.us)
2026-02-15 13:17:26: 
2026-02-15 13:17:26: ================================================================================
2026-02-15 13:17:26: [15/02/2026, 09:17:26] OPERAÇÃO
2026-02-15 13:17:26: 📞 Telefone: 559870035468
2026-02-15 13:17:26: 👤 Nome: Ana
2026-02-15 13:17:26: 📋 Estado: BOAS_VINDAS
2026-02-15 13:17:26: ⚙️ Operação: Nome validado e salvo: Ana Maria
2026-02-15 13:17:26: ================================================================================
2026-02-15 13:17:26: 
2026-02-15 13:17:28: [15/02/2026, 09:17:28] ℹ️ INFO: [FUNCIONÁRIO] Para: 559870035468@c.us | Tipo: chat | Msg: "Prazer, *Ana!* 
2026-02-15 13:17:28: Vou te mandar o nosso cardápio com..."
2026-02-15 13:17:28: 
2026-02-15 13:17:28: ================================================================================
2026-02-15 13:17:28: [15/02/2026, 09:17:28] FUNCIONÁRIO
2026-02-15 13:17:28: 📞 Telefone: 559870035468
2026-02-15 13:17:28: 👤 Nome: (sem nome)
2026-02-15 13:17:28: 📋 Estado: CONFIRMA_NOME
2026-02-15 13:17:28: ⚙️ Operação: Mensagem: "Prazer, *Ana!* 
2026-02-15 13:17:28: Vou te mandar o nosso cardápio completo 👇"
2026-02-15 13:17:28: ================================================================================
2026-02-15 13:17:28: 
2026-02-15 13:17:30: [15/02/2026, 09:17:30] ℹ️ INFO: [FUNCIONÁRIO] Para: 559870035468@c.us | Tipo: image | Msg: "..."
2026-02-15 13:17:30: 
2026-02-15 13:17:30: ================================================================================
2026-02-15 13:17:30: [15/02/2026, 09:17:30] FUNCIONÁRIO
2026-02-15 13:17:30: 📞 Telefone: 559870035468
2026-02-15 13:17:30: 👤 Nome: (sem nome)
2026-02-15 13:17:30: 📋 Estado: CONFIRMA_NOME
2026-02-15 13:17:30: ⚙️ Operação: Mensagem: ""
2026-02-15 13:17:30: ================================================================================
2026-02-15 13:17:30: 
2026-02-15 13:17:30: 
2026-02-15 13:17:30: ================================================================================
2026-02-15 13:17:30: [15/02/2026, 09:17:30] ENVIADA
2026-02-15 13:17:30: 📞 Telefone: 559870035468
2026-02-15 13:17:30: 👤 Nome: Ana
2026-02-15 13:17:30: 📋 Estado: CONFIRMA_NOME
2026-02-15 13:17:30: ⚙️ Operação: Enviado cardápio e confirmação de nome
2026-02-15 13:17:30: ================================================================================
2026-02-15 13:17:30: 
2026-02-15 13:17:33: [15/02/2026, 09:17:33] ℹ️ INFO: [FUNCIONÁRIO] Para: 559870035468@c.us | Tipo: chat | Msg: "Só explicando rapidinho como funciona aqui 💡🍧
2026-02-15 13:17:33:   ..."
2026-02-15 13:17:33: 
2026-02-15 13:17:33: ================================================================================
2026-02-15 13:17:33: [15/02/2026, 09:17:33] FUNCIONÁRIO
2026-02-15 13:17:33: 📞 Telefone: 559870035468
2026-02-15 13:17:33: 👤 Nome: (sem nome)
2026-02-15 13:17:33: 📋 Estado: EXPLICA_FUNCIONAMENTO
2026-02-15 13:17:33: ⚙️ Operação: Mensagem: "Só explicando rapidinho como funciona aqui 💡🍧
2026-02-15 13:17:33:    *1.* Você escolhe seu açaí pelo whatsapp
2026-02-15 13:17:33:    *2.* Montamos e pesamos na balança
2026-02-15 13:17:33:    *3.* Te enviamos a foto do seu pedido 📸✅
2026-02-15 13:17:33:    *4.* O valor final é a soma do peso + taxa de entrega (caso escolha delivery)
2026-02-15 13:17:33: Como você prefere seguir?
2026-02-15 13:17:33: *❯ 1-* 🤔 Tenho dúvidas
2026-02-15 13:17:33: *❯ 2-* 📍 Taxas de entrega
2026-02-15 13:17:33: *❯ 3-* 📝 Montar meu pedido"
2026-02-15 13:17:33: ================================================================================
2026-02-15 13:17:33: 
2026-02-15 13:17:33: 
2026-02-15 13:17:33: ================================================================================
2026-02-15 13:17:33: [15/02/2026, 09:17:33] ENVIADA
2026-02-15 13:17:33: 📞 Telefone: 559870035468@c.us
2026-02-15 13:17:33: 👤 Nome: Ana
2026-02-15 13:17:33: 📋 Estado: EXPLICA_FUNCIONAMENTO
2026-02-15 13:17:33: ⚙️ Operação: Explicado funcionamento (Prompt 7 - com taxas)
2026-02-15 13:17:33: ================================================================================
2026-02-15 13:17:33: 
2026-02-15 13:17:34: [15/02/2026, 09:17:34] ℹ️ INFO: [MSG] De: 236055932461194@lid | Tipo: chat | Mídia: false | Audio: false
2026-02-15 13:17:34: 
2026-02-15 13:17:34: [HORÁRIO CHECK] ============================================
2026-02-15 13:17:34: [HORÁRIO CHECK] Telefone: 236055932461194@lid
2026-02-15 13:17:34: [HORÁRIO CHECK] Tem sessão ativa: SIM
2026-02-15 13:17:34: [HORÁRIO CHECK] Estado atual: RETURNING_CUSTOMER_MENU
2026-02-15 13:17:34: [HORÁRIO CHECK] É cliente no BD: SIM
2026-02-15 13:17:34: [HORÁRIO CHECK] Mensagem: "1"
2026-02-15 13:17:34: [HORÁRIO CHECK] É modo teste (mensagem): false
2026-02-15 13:17:34: [HORÁRIO CHECK] Sessão em modo teste: SIM
2026-02-15 13:17:34: [HORÁRIO] Servidor: 2026-02-15T12:17:34.322Z | Brasil (America/Fortaleza): 9:17 | Decimal: 9.28 | Aberto: 16-22.5 | Resultado: FECHADO ❌
2026-02-15 13:17:34: [HORÁRIO CHECK] ✅ Horário OK ou modo teste - continuando fluxo
2026-02-15 13:17:34: [HORÁRIO CHECK] ============================================
2026-02-15 13:17:34: 
2026-02-15 13:17:34: 
2026-02-15 13:17:34: ================================================================================
2026-02-15 13:17:34: [15/02/2026, 09:17:34] RECEBIDA
2026-02-15 13:17:34: 📞 Telefone: 236055932461194@lid
2026-02-15 13:17:34: 👤 Nome: Atenir
2026-02-15 13:17:34: 📋 Estado: RETURNING_CUSTOMER_MENU
2026-02-15 13:17:34: ⚙️ Operação: Mensagem: "1" | Áudio: false | Mídia: false
2026-02-15 13:17:34: ================================================================================
2026-02-15 13:17:34: 
2026-02-15 13:17:36: [15/02/2026, 09:17:36] ℹ️ INFO: [FUNCIONÁRIO] Para: 236055932461194@lid | Tipo: chat | Msg: "Perfeito! Vou repetir seu último pedido. 🔁..."
2026-02-15 13:17:36: 
2026-02-15 13:17:36: ================================================================================
2026-02-15 13:17:36: [15/02/2026, 09:17:36] FUNCIONÁRIO
2026-02-15 13:17:36: 📞 Telefone: 236055932461194@lid
2026-02-15 13:17:36: 👤 Nome: (sem nome)
2026-02-15 13:17:36: 📋 Estado: REVIEW
2026-02-15 13:17:36: ⚙️ Operação: Mensagem: "Perfeito! Vou repetir seu último pedido. 🔁"
2026-02-15 13:17:36: ================================================================================
2026-02-15 13:17:36: 
2026-02-15 13:17:38: [15/02/2026, 09:17:38] ℹ️ INFO: [FUNCIONÁRIO] Para: 236055932461194@lid | Tipo: chat | Msg: "📋 *Resumo do seu pedido*
2026-02-15 13:17:38: 
2026-02-15 13:17:38: *Açaí 1* 🍧
2026-02-15 13:17:38: 📦 Tamanho:..."
2026-02-15 13:17:38: 
2026-02-15 13:17:38: ================================================================================
2026-02-15 13:17:38: [15/02/2026, 09:17:38] FUNCIONÁRIO
2026-02-15 13:17:38: 📞 Telefone: 236055932461194@lid
2026-02-15 13:17:38: 👤 Nome: (sem nome)
2026-02-15 13:17:38: 📋 Estado: REVIEW
2026-02-15 13:17:38: ⚙️ Operação: Mensagem: "📋 *Resumo do seu pedido*
2026-02-15 13:17:38: 
2026-02-15 13:17:38: *Açaí 1* 🍧
2026-02-15 13:17:38: 📦 Tamanho: *Marmita 300ml*
2026-02-15 13:17:38: 🍨 Açaí: *Açaí Master*
2026-02-15 13:17:38: 🍦 Gelatos: *Flocos*
2026-02-15 13:17:38: 🍓 Frutas: *Banana*
2026-02-15 13:17:38: 🍫 Complementos: *Cereja em Calda*
2026-02-15 13:17:38: 🍯 Caldas: *(não selecionado)*
2026-02-15 13:17:38: 
2026-02-15 13:17:38: *Preço base:* 1kg = R$ 70
2026-02-15 13:17:38: 
2026-02-15 13:17:38: O que deseja fazer?
2026-02-15 13:17:38: *❯ 1-* ✅ Confirmar pedido
2026-02-15 13:17:38: *❯ 2-* ✏️ Editar um açaí
2026-02-15 13:17:38: *❯ 3-* 🔄 Alterar meu nome"
2026-02-15 13:17:38: ================================================================================
2026-02-15 13:17:38: 
2026-02-15 13:17:38: 
2026-02-15 13:17:38: ================================================================================
2026-02-15 13:17:38: [15/02/2026, 09:17:38] OPERAÇÃO
2026-02-15 13:17:38: 📞 Telefone: 236055932461194@lid
2026-02-15 13:17:38: 👤 Nome: Atenir
2026-02-15 13:17:38: 📋 Estado: RETURNING_CUSTOMER_MENU
2026-02-15 13:17:38: ⚙️ Operação: Cliente repetiu último pedido
2026-02-15 13:17:38: ================================================================================
2026-02-15 13:17:38: 
2026-02-15 13:17:45: [15/02/2026, 09:17:45] ℹ️ INFO: [MSG] De: 236055932461194@lid | Tipo: chat | Mídia: false | Audio: false
2026-02-15 13:17:45: 
2026-02-15 13:17:45: [HORÁRIO CHECK] ============================================
2026-02-15 13:17:45: [HORÁRIO CHECK] Telefone: 236055932461194@lid
2026-02-15 13:17:45: [HORÁRIO CHECK] Tem sessão ativa: SIM
2026-02-15 13:17:45: [HORÁRIO CHECK] Estado atual: REVIEW
2026-02-15 13:17:45: [HORÁRIO CHECK] É cliente no BD: SIM
2026-02-15 13:17:45: [HORÁRIO CHECK] Mensagem: "1"
2026-02-15 13:17:45: [HORÁRIO CHECK] É modo teste (mensagem): false
2026-02-15 13:17:45: [HORÁRIO CHECK] Sessão em modo teste: SIM
2026-02-15 13:17:45: [HORÁRIO] Servidor: 2026-02-15T12:17:45.923Z | Brasil (America/Fortaleza): 9:17 | Decimal: 9.28 | Aberto: 16-22.5 | Resultado: FECHADO ❌
2026-02-15 13:17:45: [HORÁRIO CHECK] ✅ Horário OK ou modo teste - continuando fluxo
2026-02-15 13:17:45: [HORÁRIO CHECK] ============================================
2026-02-15 13:17:45: 
2026-02-15 13:17:45: 
2026-02-15 13:17:45: ================================================================================
2026-02-15 13:17:45: [15/02/2026, 09:17:45] RECEBIDA
2026-02-15 13:17:45: 📞 Telefone: 236055932461194@lid
2026-02-15 13:17:45: 👤 Nome: Atenir
2026-02-15 13:17:45: 📋 Estado: REVIEW
2026-02-15 13:17:45: ⚙️ Operação: Mensagem: "1" | Áudio: false | Mídia: false
2026-02-15 13:17:45: ================================================================================
2026-02-15 13:17:45: 
2026-02-15 13:17:47: [15/02/2026, 09:17:47] ℹ️ INFO: [FUNCIONÁRIO] Para: 236055932461194@lid | Tipo: chat | Msg: "Antes de confirmarmos o pedido
2026-02-15 13:17:47: Qual será a *forma ..."
2026-02-15 13:17:47: 
2026-02-15 13:17:47: ================================================================================
2026-02-15 13:17:47: [15/02/2026, 09:17:47] FUNCIONÁRIO
2026-02-15 13:17:47: 📞 Telefone: 236055932461194@lid
2026-02-15 13:17:47: 👤 Nome: (sem nome)
2026-02-15 13:17:47: 📋 Estado: ESCOLHA_ENTREGA
2026-02-15 13:17:47: ⚙️ Operação: Mensagem: "Antes de confirmarmos o pedido
2026-02-15 13:17:47: Qual será a *forma de entrega?* 🤔
2026-02-15 13:17:47: *❯ 1-* 🏍️ Delivery
2026-02-15 13:17:47: *❯ 2-* 🏪 Retirada no local"
2026-02-15 13:17:47: ================================================================================
2026-02-15 13:17:47: 
2026-02-15 13:17:47: 
2026-02-15 13:17:47: ================================================================================
2026-02-15 13:17:47: [15/02/2026, 09:17:47] OPERAÇÃO
2026-02-15 13:17:47: 📞 Telefone: 236055932461194@lid
2026-02-15 13:17:47: 👤 Nome: Atenir
2026-02-15 13:17:47: 📋 Estado: REVIEW
2026-02-15 13:17:47: ⚙️ Operação: Pedido confirmado - Indo para escolha de entrega (Prompt 7)
2026-02-15 13:17:47: ================================================================================
2026-02-15 13:17:47: 
2026-02-15 13:17:58: [15/02/2026, 09:17:58] ℹ️ INFO: [MSG] De: 236055932461194@lid | Tipo: chat | Mídia: false | Audio: false
2026-02-15 13:17:58: 
2026-02-15 13:17:58: [HORÁRIO CHECK] ============================================
2026-02-15 13:17:58: [HORÁRIO CHECK] Telefone: 236055932461194@lid
2026-02-15 13:17:58: [HORÁRIO CHECK] Tem sessão ativa: SIM
2026-02-15 13:17:58: [HORÁRIO CHECK] Estado atual: ESCOLHA_ENTREGA
2026-02-15 13:17:58: [HORÁRIO CHECK] É cliente no BD: SIM
2026-02-15 13:17:58: [HORÁRIO CHECK] Mensagem: "1"
2026-02-15 13:17:58: [HORÁRIO CHECK] É modo teste (mensagem): false
2026-02-15 13:17:58: [HORÁRIO CHECK] Sessão em modo teste: SIM
2026-02-15 13:17:58: [HORÁRIO] Servidor: 2026-02-15T12:17:58.014Z | Brasil (America/Fortaleza): 9:17 | Decimal: 9.28 | Aberto: 16-22.5 | Resultado: FECHADO ❌
2026-02-15 13:17:58: [HORÁRIO CHECK] ✅ Horário OK ou modo teste - continuando fluxo
2026-02-15 13:17:58: [HORÁRIO CHECK] ============================================
2026-02-15 13:17:58: 
2026-02-15 13:17:58: 
2026-02-15 13:17:58: ================================================================================
2026-02-15 13:17:58: [15/02/2026, 09:17:58] RECEBIDA
2026-02-15 13:17:58: 📞 Telefone: 236055932461194@lid
2026-02-15 13:17:58: 👤 Nome: Atenir
2026-02-15 13:17:58: 📋 Estado: ESCOLHA_ENTREGA
2026-02-15 13:17:58: ⚙️ Operação: Mensagem: "1" | Áudio: false | Mídia: false
2026-02-15 13:17:58: ================================================================================
2026-02-15 13:17:58: 
2026-02-15 13:17:59: [15/02/2026, 09:17:59] ℹ️ INFO: [FUNCIONÁRIO] Para: 236055932461194@lid | Tipo: chat | Msg: "Confere pra mim se está certinho ✅
2026-02-15 13:17:59: 📍 *Escalvado, ..."
2026-02-15 13:17:59: 
2026-02-15 13:17:59: ================================================================================
2026-02-15 13:17:59: [15/02/2026, 09:17:59] FUNCIONÁRIO
2026-02-15 13:17:59: 📞 Telefone: 236055932461194@lid
2026-02-15 13:17:59: 👤 Nome: (sem nome)
2026-02-15 13:17:59: 📋 Estado: CONFIRMA_ENDERECO_DELIVERY
2026-02-15 13:17:59: ⚙️ Operação: Mensagem: "Confere pra mim se está certinho ✅
2026-02-15 13:17:59: 📍 *Escalvado, Cândido Mendes, 547*
2026-02-15 13:17:59: 		*Centro R$5.00 de taxa*
2026-02-15 13:17:59: *❯ 1-* Está certo
2026-02-15 13:17:59: *❯ 2-* Quero alterar"
2026-02-15 13:17:59: ================================================================================
2026-02-15 13:17:59: 
2026-02-15 13:17:59: 
2026-02-15 13:17:59: ================================================================================
2026-02-15 13:17:59: [15/02/2026, 09:17:59] OPERAÇÃO
2026-02-15 13:17:59: 📞 Telefone: 236055932461194@lid
2026-02-15 13:17:59: 👤 Nome: Atenir
2026-02-15 13:17:59: 📋 Estado: ESCOLHA_ENTREGA
2026-02-15 13:17:59: ⚙️ Operação: Cliente escolheu: Delivery
2026-02-15 13:17:59: ================================================================================
2026-02-15 13:17:59: 
2026-02-15 13:18:00: [15/02/2026, 09:18:00] ℹ️ INFO: [MSG] De: 559870035468@c.us | Tipo: chat | Mídia: false | Audio: false
2026-02-15 13:18:00: 
2026-02-15 13:18:00: [HORÁRIO CHECK] ============================================
2026-02-15 13:18:00: [HORÁRIO CHECK] Telefone: 559870035468@c.us
2026-02-15 13:18:00: [HORÁRIO CHECK] Tem sessão ativa: SIM
2026-02-15 13:18:00: [HORÁRIO CHECK] Estado atual: EXPLICA_FUNCIONAMENTO
2026-02-15 13:18:00: [HORÁRIO CHECK] É cliente no BD: SIM
2026-02-15 13:18:00: [HORÁRIO CHECK] Mensagem: "1"
2026-02-15 13:18:00: [HORÁRIO CHECK] É modo teste (mensagem): false
2026-02-15 13:18:00: [HORÁRIO CHECK] Sessão em modo teste: SIM
2026-02-15 13:18:00: [HORÁRIO] Servidor: 2026-02-15T12:18:00.778Z | Brasil (America/Fortaleza): 9:18 | Decimal: 9.30 | Aberto: 16-22.5 | Resultado: FECHADO ❌
2026-02-15 13:18:00: [HORÁRIO CHECK] ✅ Horário OK ou modo teste - continuando fluxo
2026-02-15 13:18:00: [HORÁRIO CHECK] ============================================
2026-02-15 13:18:00: 
2026-02-15 13:18:00: 
2026-02-15 13:18:00: ================================================================================
2026-02-15 13:18:00: [15/02/2026, 09:18:00] RECEBIDA
2026-02-15 13:18:00: 📞 Telefone: 559870035468
2026-02-15 13:18:00: 👤 Nome: Ana
2026-02-15 13:18:00: 📋 Estado: EXPLICA_FUNCIONAMENTO
2026-02-15 13:18:00: ⚙️ Operação: Mensagem: "1" | Áudio: false | Mídia: false
2026-02-15 13:18:00: ================================================================================
2026-02-15 13:18:00: 
2026-02-15 13:18:02: [15/02/2026, 09:18:02] ℹ️ INFO: [FUNCIONÁRIO] Para: 559870035468@c.us | Tipo: chat | Msg: "Sem problemas, *Ana!* 🤝
2026-02-15 13:18:02: Escolha uma dúvida abaixo..."
2026-02-15 13:18:02: 
2026-02-15 13:18:02: ================================================================================
2026-02-15 13:18:02: [15/02/2026, 09:18:02] FUNCIONÁRIO
2026-02-15 13:18:02: 📞 Telefone: 559870035468
2026-02-15 13:18:02: 👤 Nome: (sem nome)
2026-02-15 13:18:02: 📋 Estado: FAQ_MENU
2026-02-15 13:18:02: ⚙️ Operação: Mensagem: "Sem problemas, *Ana!* 🤝
2026-02-15 13:18:02: Escolha uma dúvida abaixo (digite o número):
2026-02-15 13:18:02: 
2026-02-15 13:18:02: *1.* 💰 Como é calculado o valor?
2026-02-15 13:18:02: *2.* 🤳 Vocês enviam foto na balança?
2026-02-15 13:18:02: *3.* 🍧 Por que o preço não é fixo?
2026-02-15 13:18:02: *4.* ⏱️ Quanto tempo leva?
2026-02-15 13:18:02: *5.* 🧾 Posso mudar depois de montar?
2026-02-15 13:18:02: *6.* 🛵 Como funciona a taxa de entrega?
2026-02-15 13:18:02: *7.* 🏪 Posso fazer retirada no local?
2026-02-15 13:18:02: *8.* 👩‍💻 Quero falar com um atendente (suporte)
2026-02-15 13:18:02: 
2026-02-15 13:18:02: *❯* Digite: *1* a *8*
2026-02-15 13:18:02: *❯* Ou digite *0* para Montar meu pedido 🍧"
2026-02-15 13:18:02: ================================================================================
2026-02-15 13:18:02: 
2026-02-15 13:18:02: 
2026-02-15 13:18:02: ================================================================================
2026-02-15 13:18:02: [15/02/2026, 09:18:02] ENVIADA
2026-02-15 13:18:02: 📞 Telefone: 559870035468
2026-02-15 13:18:02: 👤 Nome: Ana
2026-02-15 13:18:02: 📋 Estado: EXPLICA_FUNCIONAMENTO
2026-02-15 13:18:02: ⚙️ Operação: Cliente escolheu: Tenho dúvidas
2026-02-15 13:18:02: ================================================================================
2026-02-15 13:18:02: 
2026-02-15 13:18:04: [15/02/2026, 09:18:04] ℹ️ INFO: [MSG] De: 559870035468@c.us | Tipo: chat | Mídia: false | Audio: false
2026-02-15 13:18:04: 
2026-02-15 13:18:04: [HORÁRIO CHECK] ============================================
2026-02-15 13:18:04: [HORÁRIO CHECK] Telefone: 559870035468@c.us
2026-02-15 13:18:04: [HORÁRIO CHECK] Tem sessão ativa: SIM
2026-02-15 13:18:04: [HORÁRIO CHECK] Estado atual: FAQ_MENU
2026-02-15 13:18:04: [HORÁRIO CHECK] É cliente no BD: SIM
2026-02-15 13:18:04: [HORÁRIO CHECK] Mensagem: "0"
2026-02-15 13:18:04: [HORÁRIO CHECK] É modo teste (mensagem): false
2026-02-15 13:18:04: [HORÁRIO CHECK] Sessão em modo teste: SIM
2026-02-15 13:18:04: [HORÁRIO] Servidor: 2026-02-15T12:18:04.407Z | Brasil (America/Fortaleza): 9:18 | Decimal: 9.30 | Aberto: 16-22.5 | Resultado: FECHADO ❌
2026-02-15 13:18:04: [HORÁRIO CHECK] ✅ Horário OK ou modo teste - continuando fluxo
2026-02-15 13:18:04: [HORÁRIO CHECK] ============================================
2026-02-15 13:18:04: 
2026-02-15 13:18:04: 
2026-02-15 13:18:04: ================================================================================
2026-02-15 13:18:04: [15/02/2026, 09:18:04] RECEBIDA
2026-02-15 13:18:04: 📞 Telefone: 559870035468
2026-02-15 13:18:04: 👤 Nome: Ana
2026-02-15 13:18:04: 📋 Estado: FAQ_MENU
2026-02-15 13:18:04: ⚙️ Operação: Mensagem: "0" | Áudio: false | Mídia: false
2026-02-15 13:18:04: ================================================================================
2026-02-15 13:18:04: 
2026-02-15 13:18:06: [15/02/2026, 09:18:06] ℹ️ INFO: [FUNCIONÁRIO] Para: 559870035468@c.us | Tipo: chat | Msg: "*Ana* vou te fazer algumas perguntas pra montar se..."
2026-02-15 13:18:06: 
2026-02-15 13:18:06: ================================================================================
2026-02-15 13:18:06: [15/02/2026, 09:18:06] FUNCIONÁRIO
2026-02-15 13:18:06: 📞 Telefone: 559870035468
2026-02-15 13:18:06: 👤 Nome: (sem nome)
2026-02-15 13:18:06: 📋 Estado: BUILD_START
2026-02-15 13:18:06: ⚙️ Operação: Mensagem: "*Ana* vou te fazer algumas perguntas pra montar seu açaí. 😄"
2026-02-15 13:18:06: ================================================================================
2026-02-15 13:18:06: 
2026-02-15 13:18:08: [15/02/2026, 09:18:08] ℹ️ INFO: [FUNCIONÁRIO] Para: 559870035468@c.us | Tipo: chat | Msg: "Primeiro: escolha o *tamanho* 🥛
2026-02-15 13:18:08: 
2026-02-15 13:18:08: 1. Marmita 300ml..."
2026-02-15 13:18:08: 
2026-02-15 13:18:08: ================================================================================
2026-02-15 13:18:08: [15/02/2026, 09:18:08] FUNCIONÁRIO
2026-02-15 13:18:08: 📞 Telefone: 559870035468
2026-02-15 13:18:08: 👤 Nome: (sem nome)
2026-02-15 13:18:08: 📋 Estado: BUILD_SIZE
2026-02-15 13:18:08: ⚙️ Operação: Mensagem: "Primeiro: escolha o *tamanho* 🥛
2026-02-15 13:18:08: 
2026-02-15 13:18:08: 1. Marmita 300ml
2026-02-15 13:18:08: 2. Marmita 500ml
2026-02-15 13:18:08: 3. Marmita 700ml
2026-02-15 13:18:08: 4. Copo 300ml
2026-02-15 13:18:08: 5. Copo 400ml
2026-02-15 13:18:08: 6. Copo 500ml
2026-02-15 13:18:08: 
2026-02-15 13:18:08: *❯*  Digite o número (ex.: *1*)"
2026-02-15 13:18:08: ================================================================================
2026-02-15 13:18:08: 
2026-02-15 13:18:09: 
2026-02-15 13:18:09: ================================================================================
2026-02-15 13:18:09: [15/02/2026, 09:18:09] OPERAÇÃO
2026-02-15 13:18:09: 📞 Telefone: 559870035468
2026-02-15 13:18:09: 👤 Nome: Ana
2026-02-15 13:18:09: 📋 Estado: BUILD_START
2026-02-15 13:18:09: ⚙️ Operação: Iniciada montagem do Açaí #1
2026-02-15 13:18:09: ================================================================================
2026-02-15 13:18:09: 
2026-02-15 13:18:12: [15/02/2026, 09:18:12] ℹ️ INFO: [MSG] De: 559870035468@c.us | Tipo: chat | Mídia: false | Audio: false
2026-02-15 13:18:12: 
2026-02-15 13:18:12: [HORÁRIO CHECK] ============================================
2026-02-15 13:18:12: [HORÁRIO CHECK] Telefone: 559870035468@c.us
2026-02-15 13:18:12: [HORÁRIO CHECK] Tem sessão ativa: SIM
2026-02-15 13:18:12: [HORÁRIO CHECK] Estado atual: BUILD_SIZE
2026-02-15 13:18:12: [HORÁRIO CHECK] É cliente no BD: SIM
2026-02-15 13:18:12: [HORÁRIO CHECK] Mensagem: "1"
2026-02-15 13:18:12: [HORÁRIO CHECK] É modo teste (mensagem): false
2026-02-15 13:18:12: [HORÁRIO CHECK] Sessão em modo teste: SIM
2026-02-15 13:18:12: [HORÁRIO] Servidor: 2026-02-15T12:18:12.726Z | Brasil (America/Fortaleza): 9:18 | Decimal: 9.30 | Aberto: 16-22.5 | Resultado: FECHADO ❌
2026-02-15 13:18:12: [HORÁRIO CHECK] ✅ Horário OK ou modo teste - continuando fluxo
2026-02-15 13:18:12: [HORÁRIO CHECK] ============================================
2026-02-15 13:18:12: 
2026-02-15 13:18:12: 
2026-02-15 13:18:12: ================================================================================
2026-02-15 13:18:12: [15/02/2026, 09:18:12] RECEBIDA
2026-02-15 13:18:12: 📞 Telefone: 559870035468
2026-02-15 13:18:12: 👤 Nome: Ana
2026-02-15 13:18:12: 📋 Estado: BUILD_SIZE
2026-02-15 13:18:12: ⚙️ Operação: Mensagem: "1" | Áudio: false | Mídia: false
2026-02-15 13:18:12: ================================================================================
2026-02-15 13:18:12: 
2026-02-15 13:18:12: 
2026-02-15 13:18:12: ================================================================================
2026-02-15 13:18:12: [15/02/2026, 09:18:12] OPERAÇÃO
2026-02-15 13:18:12: 📞 Telefone: 559870035468
2026-02-15 13:18:12: 👤 Nome: Ana
2026-02-15 13:18:12: 📋 Estado: BUILD_SIZE
2026-02-15 13:18:12: ⚙️ Operação: Tamanho selecionado: Marmita 300ml
2026-02-15 13:18:12: ================================================================================
2026-02-15 13:18:12: 
2026-02-15 13:18:14: [15/02/2026, 09:18:14] ℹ️ INFO: [MSG] De: 559870035468@c.us | Tipo: chat | Mídia: false | Audio: false
2026-02-15 13:18:14: 
2026-02-15 13:18:14: [HORÁRIO CHECK] ============================================
2026-02-15 13:18:14: [HORÁRIO CHECK] Telefone: 559870035468@c.us
2026-02-15 13:18:14: [HORÁRIO CHECK] Tem sessão ativa: SIM
2026-02-15 13:18:14: [HORÁRIO CHECK] Estado atual: BUILD_ACAI
2026-02-15 13:18:14: [HORÁRIO CHECK] É cliente no BD: SIM
2026-02-15 13:18:14: [HORÁRIO CHECK] Mensagem: "1"
2026-02-15 13:18:14: [HORÁRIO CHECK] É modo teste (mensagem): false
2026-02-15 13:18:14: [HORÁRIO CHECK] Sessão em modo teste: SIM
2026-02-15 13:18:14: [HORÁRIO] Servidor: 2026-02-15T12:18:14.157Z | Brasil (America/Fortaleza): 9:18 | Decimal: 9.30 | Aberto: 16-22.5 | Resultado: FECHADO ❌
2026-02-15 13:18:14: [HORÁRIO CHECK] ✅ Horário OK ou modo teste - continuando fluxo
2026-02-15 13:18:14: [HORÁRIO CHECK] ============================================
2026-02-15 13:18:14: 
2026-02-15 13:18:14: 
2026-02-15 13:18:14: ================================================================================
2026-02-15 13:18:14: [15/02/2026, 09:18:14] RECEBIDA
2026-02-15 13:18:14: 📞 Telefone: 559870035468
2026-02-15 13:18:14: 👤 Nome: Ana
2026-02-15 13:18:14: 📋 Estado: BUILD_ACAI
2026-02-15 13:18:14: ⚙️ Operação: Mensagem: "1" | Áudio: false | Mídia: false
2026-02-15 13:18:14: ================================================================================
2026-02-15 13:18:14: 
2026-02-15 13:18:14: 
2026-02-15 13:18:14: ================================================================================
2026-02-15 13:18:14: [15/02/2026, 09:18:14] OPERAÇÃO
2026-02-15 13:18:14: 📞 Telefone: 559870035468
2026-02-15 13:18:14: 👤 Nome: Ana
2026-02-15 13:18:14: 📋 Estado: BUILD_ACAI
2026-02-15 13:18:14: ⚙️ Operação: Açaís: Açaí Master
2026-02-15 13:18:14: ================================================================================
2026-02-15 13:18:14: 
2026-02-15 13:18:14: [15/02/2026, 09:18:14] ℹ️ INFO: [FUNCIONÁRIO] Para: 559870035468@c.us | Tipo: chat | Msg: "Agora escolha os *sabores de açaí/cremes* 🍧
2026-02-15 13:18:14: (você..."
2026-02-15 13:18:14: 
2026-02-15 13:18:14: ================================================================================
2026-02-15 13:18:14: [15/02/2026, 09:18:14] FUNCIONÁRIO
2026-02-15 13:18:14: 📞 Telefone: 559870035468
2026-02-15 13:18:14: 👤 Nome: (sem nome)
2026-02-15 13:18:14: 📋 Estado: BUILD_GELATOS
2026-02-15 13:18:14: ⚙️ Operação: Mensagem: "Agora escolha os *sabores de açaí/cremes* 🍧
2026-02-15 13:18:14: (você pode escolher mais de um)
2026-02-15 13:18:14: 
2026-02-15 13:18:14: 1. Açaí Master
2026-02-15 13:18:14: 2. Açaí Fit
2026-02-15 13:18:14: 3. Creme de Maracujá
2026-02-15 13:18:14: 4. Creme de Morango
2026-02-15 13:18:14: 5. Creme de Cupuaçu
2026-02-15 13:18:14: 6. Creme de Bacuri
2026-02-15 13:18:14: 
2026-02-15 13:18:14: Como responder:
2026-02-15 13:18:14: *❯*  Um sabor: *1*
2026-02-15 13:18:14: *❯*  Vários: *1,3,5*
2026-02-15 13:18:14: *❯*  *0*- para pular
2026-02-15 13:18:14: *❯*  *V*- para voltar"
2026-02-15 13:18:14: ================================================================================
2026-02-15 13:18:14: 
2026-02-15 13:18:15: [15/02/2026, 09:18:15] ℹ️ INFO: [FUNCIONÁRIO] Para: 559870035468@c.us | Tipo: chat | Msg: "Quer adicionar *gelatos/sorvetes*? 🍦✨
2026-02-15 13:18:15: (Escolha qu..."
2026-02-15 13:18:15: 
2026-02-15 13:18:15: ================================================================================
2026-02-15 13:18:15: [15/02/2026, 09:18:15] FUNCIONÁRIO
2026-02-15 13:18:15: 📞 Telefone: 559870035468
2026-02-15 13:18:15: 👤 Nome: (sem nome)
2026-02-15 13:18:15: 📋 Estado: BUILD_GELATOS
2026-02-15 13:18:15: ⚙️ Operação: Mensagem: "Quer adicionar *gelatos/sorvetes*? 🍦✨
2026-02-15 13:18:15: (Escolha quantos quiser)
2026-02-15 13:18:15: 
2026-02-15 13:18:15: *Tradicionais*
2026-02-15 13:18:15: 1. Flocos
2026-02-15 13:18:15: 2. Creme com Passas
2026-02-15 13:18:15: 3. Chocobelga
2026-02-15 13:18:15: 4. Unicórnio
2026-02-15 13:18:15: 
2026-02-15 13:18:15: *Cremes especiais*
2026-02-15 13:18:15: 5. Creme de Ovomaltine
2026-02-15 13:18:15: 6. Creme de Oreo
2026-02-15 13:18:15: 7. Creme de Ninho
2026-02-15 13:18:15: 
2026-02-15 13:18:15: Responda:
2026-02-15 13:18:15: *❯*  Um: *1*
2026-02-15 13:18:15: *❯*  Vários: *1,4,7*
2026-02-15 13:18:15: *❯*  *0*- pular | *V*- voltar"
2026-02-15 13:18:15: ================================================================================
2026-02-15 13:18:15: 
2026-02-15 13:18:15: [15/02/2026, 09:18:15] ℹ️ INFO: [MSG] De: 559870035468@c.us | Tipo: chat | Mídia: false | Audio: false
2026-02-15 13:18:15: 
2026-02-15 13:18:15: [HORÁRIO CHECK] ============================================
2026-02-15 13:18:15: [HORÁRIO CHECK] Telefone: 559870035468@c.us
2026-02-15 13:18:15: [HORÁRIO CHECK] Tem sessão ativa: SIM
2026-02-15 13:18:15: [HORÁRIO CHECK] Estado atual: BUILD_GELATOS
2026-02-15 13:18:15: [HORÁRIO CHECK] É cliente no BD: SIM
2026-02-15 13:18:15: [HORÁRIO CHECK] Mensagem: "1"
2026-02-15 13:18:15: [HORÁRIO CHECK] É modo teste (mensagem): false
2026-02-15 13:18:15: [HORÁRIO CHECK] Sessão em modo teste: SIM
2026-02-15 13:18:15: [HORÁRIO] Servidor: 2026-02-15T12:18:15.957Z | Brasil (America/Fortaleza): 9:18 | Decimal: 9.30 | Aberto: 16-22.5 | Resultado: FECHADO ❌
2026-02-15 13:18:15: [HORÁRIO CHECK] ✅ Horário OK ou modo teste - continuando fluxo
2026-02-15 13:18:15: [HORÁRIO CHECK] ============================================
2026-02-15 13:18:15: 
2026-02-15 13:18:15: 
2026-02-15 13:18:15: ================================================================================
2026-02-15 13:18:15: [15/02/2026, 09:18:15] RECEBIDA
2026-02-15 13:18:15: 📞 Telefone: 559870035468
2026-02-15 13:18:15: 👤 Nome: Ana
2026-02-15 13:18:15: 📋 Estado: BUILD_GELATOS
2026-02-15 13:18:15: ⚙️ Operação: Mensagem: "1" | Áudio: false | Mídia: false
2026-02-15 13:18:15: ================================================================================
2026-02-15 13:18:15: 
2026-02-15 13:18:15: 
2026-02-15 13:18:15: ================================================================================
2026-02-15 13:18:15: [15/02/2026, 09:18:15] OPERAÇÃO
2026-02-15 13:18:15: 📞 Telefone: 559870035468
2026-02-15 13:18:15: 👤 Nome: Ana
2026-02-15 13:18:15: 📋 Estado: BUILD_GELATOS
2026-02-15 13:18:15: ⚙️ Operação: Gelatos: Flocos
2026-02-15 13:18:15: ================================================================================
2026-02-15 13:18:15: 
2026-02-15 13:18:17: [15/02/2026, 09:18:17] ℹ️ INFO: [MSG] De: 559870035468@c.us | Tipo: chat | Mídia: false | Audio: false
2026-02-15 13:18:17: 
2026-02-15 13:18:17: [HORÁRIO CHECK] ============================================
2026-02-15 13:18:17: [HORÁRIO CHECK] Telefone: 559870035468@c.us
2026-02-15 13:18:17: [HORÁRIO CHECK] Tem sessão ativa: SIM
2026-02-15 13:18:17: [HORÁRIO CHECK] Estado atual: BUILD_FRUTAS
2026-02-15 13:18:17: [HORÁRIO CHECK] É cliente no BD: SIM
2026-02-15 13:18:17: [HORÁRIO CHECK] Mensagem: "1"
2026-02-15 13:18:17: [HORÁRIO CHECK] É modo teste (mensagem): false
2026-02-15 13:18:17: [HORÁRIO CHECK] Sessão em modo teste: SIM
2026-02-15 13:18:17: [HORÁRIO] Servidor: 2026-02-15T12:18:17.310Z | Brasil (America/Fortaleza): 9:18 | Decimal: 9.30 | Aberto: 16-22.5 | Resultado: FECHADO ❌
2026-02-15 13:18:17: [HORÁRIO CHECK] ✅ Horário OK ou modo teste - continuando fluxo
2026-02-15 13:18:17: [HORÁRIO CHECK] ============================================
2026-02-15 13:18:17: 
2026-02-15 13:18:17: 
2026-02-15 13:18:17: ================================================================================
2026-02-15 13:18:17: [15/02/2026, 09:18:17] RECEBIDA
2026-02-15 13:18:17: 📞 Telefone: 559870035468
2026-02-15 13:18:17: 👤 Nome: Ana
2026-02-15 13:18:17: 📋 Estado: BUILD_FRUTAS
2026-02-15 13:18:17: ⚙️ Operação: Mensagem: "1" | Áudio: false | Mídia: false
2026-02-15 13:18:17: ================================================================================
2026-02-15 13:18:17: 
2026-02-15 13:18:17: 
2026-02-15 13:18:17: ================================================================================
2026-02-15 13:18:17: [15/02/2026, 09:18:17] OPERAÇÃO
2026-02-15 13:18:17: 📞 Telefone: 559870035468
2026-02-15 13:18:17: 👤 Nome: Ana
2026-02-15 13:18:17: 📋 Estado: BUILD_FRUTAS
2026-02-15 13:18:17: ⚙️ Operação: Frutas: Banana
2026-02-15 13:18:17: ================================================================================
2026-02-15 13:18:17: 
2026-02-15 13:18:17: [15/02/2026, 09:18:17] ℹ️ INFO: [FUNCIONÁRIO] Para: 559870035468@c.us | Tipo: chat | Msg: "Quer adicionar *frutas*? 🍓🍌
2026-02-15 13:18:17: (Escolha quantas qui..."
2026-02-15 13:18:17: 
2026-02-15 13:18:17: ================================================================================
2026-02-15 13:18:17: [15/02/2026, 09:18:17] FUNCIONÁRIO
2026-02-15 13:18:17: 📞 Telefone: 559870035468
2026-02-15 13:18:17: 👤 Nome: (sem nome)
2026-02-15 13:18:17: 📋 Estado: BUILD_COMPLEMENTOS
2026-02-15 13:18:17: ⚙️ Operação: Mensagem: "Quer adicionar *frutas*? 🍓🍌
2026-02-15 13:18:17: (Escolha quantas quiser)
2026-02-15 13:18:17: 
2026-02-15 13:18:17: 1. Banana
2026-02-15 13:18:17: 2. Morango
2026-02-15 13:18:17: 3. Kiwi
2026-02-15 13:18:17: 4. Uva
2026-02-15 13:18:17: 
2026-02-15 13:18:17: *❯*  Responda: *1* ou *1,2*
2026-02-15 13:18:17: *❯*  *0*- pular | *V*- voltar"
2026-02-15 13:18:17: ================================================================================
2026-02-15 13:18:17: 
2026-02-15 13:18:18: [15/02/2026, 09:18:18] ℹ️ INFO: [MSG] De: 559870035468@c.us | Tipo: chat | Mídia: false | Audio: false
2026-02-15 13:18:18: 
2026-02-15 13:18:18: [HORÁRIO CHECK] ============================================
2026-02-15 13:18:18: [HORÁRIO CHECK] Telefone: 559870035468@c.us
2026-02-15 13:18:18: [HORÁRIO CHECK] Tem sessão ativa: SIM
2026-02-15 13:18:18: [HORÁRIO CHECK] Estado atual: BUILD_COMPLEMENTOS
2026-02-15 13:18:18: [HORÁRIO CHECK] É cliente no BD: SIM
2026-02-15 13:18:18: [HORÁRIO CHECK] Mensagem: "0"
2026-02-15 13:18:18: [HORÁRIO CHECK] É modo teste (mensagem): false
2026-02-15 13:18:18: [HORÁRIO CHECK] Sessão em modo teste: SIM
2026-02-15 13:18:18: [HORÁRIO] Servidor: 2026-02-15T12:18:18.428Z | Brasil (America/Fortaleza): 9:18 | Decimal: 9.30 | Aberto: 16-22.5 | Resultado: FECHADO ❌
2026-02-15 13:18:18: [HORÁRIO CHECK] ✅ Horário OK ou modo teste - continuando fluxo
2026-02-15 13:18:18: [HORÁRIO CHECK] ============================================
2026-02-15 13:18:18: 
2026-02-15 13:18:18: 
2026-02-15 13:18:18: ================================================================================
2026-02-15 13:18:18: [15/02/2026, 09:18:18] RECEBIDA
2026-02-15 13:18:18: 📞 Telefone: 559870035468
2026-02-15 13:18:18: 👤 Nome: Ana
2026-02-15 13:18:18: 📋 Estado: BUILD_COMPLEMENTOS
2026-02-15 13:18:18: ⚙️ Operação: Mensagem: "0" | Áudio: false | Mídia: false
2026-02-15 13:18:18: ================================================================================
2026-02-15 13:18:18: 
2026-02-15 13:18:19: [15/02/2026, 09:18:18] ℹ️ INFO: [FUNCIONÁRIO] Para: 559870035468@c.us | Tipo: chat | Msg: "Agora os *complementos* 🍬✨
2026-02-15 13:18:19: (Parte 1 de 2)
2026-02-15 13:18:19: 
2026-02-15 13:18:19: 1. Cer..."
2026-02-15 13:18:19: 
2026-02-15 13:18:19: ================================================================================
2026-02-15 13:18:19: [15/02/2026, 09:18:18] FUNCIONÁRIO
2026-02-15 13:18:19: 📞 Telefone: 559870035468
2026-02-15 13:18:19: 👤 Nome: (sem nome)
2026-02-15 13:18:19: 📋 Estado: BUILD_CALDAS
2026-02-15 13:18:19: ⚙️ Operação: Mensagem: "Agora os *complementos* 🍬✨
2026-02-15 13:18:19: (Parte 1 de 2)
2026-02-15 13:18:19: 
2026-02-15 13:18:19: 1. Cereja em Calda
2026-02-15 13:18:19: 2. Morango em Calda
2026-02-15 13:18:19: 3. Doce de Leite
2026-02-15 13:18:19: 4. Nutella
2026-02-15 13:18:19: 5. Marshmallow
2026-02-15 13:18:19: 6. Tapioca
2026-02-15 13:18:19: 7. Flocos
2026-02-15 13:18:19: 8. M&M
2026-02-15 13:18:19: 
2026-02-15 13:18:19: *❯*  Responda: *1* ou *1,3,5*
2026-02-15 13:18:19: *❯*  *0*- pular | *V*- voltar"
2026-02-15 13:18:19: ================================================================================
2026-02-15 13:18:19: 
2026-02-15 13:18:19: [15/02/2026, 09:18:19] ℹ️ INFO: [MSG] De: 559870035468@c.us | Tipo: chat | Mídia: false | Audio: false
2026-02-15 13:18:19: 
2026-02-15 13:18:19: [HORÁRIO CHECK] ============================================
2026-02-15 13:18:19: [HORÁRIO CHECK] Telefone: 559870035468@c.us
2026-02-15 13:18:19: [HORÁRIO CHECK] Tem sessão ativa: SIM
2026-02-15 13:18:19: [HORÁRIO CHECK] Estado atual: BUILD_CALDAS
2026-02-15 13:18:19: [HORÁRIO CHECK] É cliente no BD: SIM
2026-02-15 13:18:19: [HORÁRIO CHECK] Mensagem: "3"
2026-02-15 13:18:19: [HORÁRIO CHECK] É modo teste (mensagem): false
2026-02-15 13:18:19: [HORÁRIO CHECK] Sessão em modo teste: SIM
2026-02-15 13:18:19: [HORÁRIO] Servidor: 2026-02-15T12:18:19.930Z | Brasil (America/Fortaleza): 9:18 | Decimal: 9.30 | Aberto: 16-22.5 | Resultado: FECHADO ❌
2026-02-15 13:18:19: [HORÁRIO CHECK] ✅ Horário OK ou modo teste - continuando fluxo
2026-02-15 13:18:19: [HORÁRIO CHECK] ============================================
2026-02-15 13:18:19: 
2026-02-15 13:18:19: 
2026-02-15 13:18:19: ================================================================================
2026-02-15 13:18:19: [15/02/2026, 09:18:19] RECEBIDA
2026-02-15 13:18:19: 📞 Telefone: 559870035468
2026-02-15 13:18:19: 👤 Nome: Ana
2026-02-15 13:18:19: 📋 Estado: BUILD_CALDAS
2026-02-15 13:18:19: ⚙️ Operação: Mensagem: "3" | Áudio: false | Mídia: false
2026-02-15 13:18:19: ================================================================================
2026-02-15 13:18:19: 
2026-02-15 13:18:19: 
2026-02-15 13:18:19: ================================================================================
2026-02-15 13:18:19: [15/02/2026, 09:18:19] OPERAÇÃO
2026-02-15 13:18:19: 📞 Telefone: 559870035468
2026-02-15 13:18:19: 👤 Nome: Ana
2026-02-15 13:18:19: 📋 Estado: BUILD_CALDAS
2026-02-15 13:18:19: ⚙️ Operação: Caldas: Mágica ao Leite
2026-02-15 13:18:19: ================================================================================
2026-02-15 13:18:19: 
2026-02-15 13:18:20: [15/02/2026, 09:18:20] ℹ️ INFO: [FUNCIONÁRIO] Para: 559870035468@c.us | Tipo: chat | Msg: "Por último, quer adicionar *caldas*? 🍯
2026-02-15 13:18:20: 
2026-02-15 13:18:20: 1. Pistac..."
2026-02-15 13:18:20: 
2026-02-15 13:18:20: ================================================================================
2026-02-15 13:18:20: [15/02/2026, 09:18:20] FUNCIONÁRIO
2026-02-15 13:18:20: 📞 Telefone: 559870035468
2026-02-15 13:18:20: 👤 Nome: (sem nome)
2026-02-15 13:18:20: 📋 Estado: ADD_MORE
2026-02-15 13:18:20: ⚙️ Operação: Mensagem: "Por último, quer adicionar *caldas*? 🍯
2026-02-15 13:18:20: 
2026-02-15 13:18:20: 1. Pistache
2026-02-15 13:18:20: 2. Mágica
2026-02-15 13:18:20: 3. Mágica ao Leite
2026-02-15 13:18:20: 
2026-02-15 13:18:20: *❯*  Responda: *1* ou *1,2*
2026-02-15 13:18:20: *❯*  *0*- pular | *V*- voltar"
2026-02-15 13:18:20: ================================================================================
2026-02-15 13:18:20: 
2026-02-15 13:18:21: [15/02/2026, 09:18:21] ℹ️ INFO: [MSG] De: 559870035468@c.us | Tipo: chat | Mídia: false | Audio: false
2026-02-15 13:18:21: 
2026-02-15 13:18:21: [HORÁRIO CHECK] ============================================
2026-02-15 13:18:21: [HORÁRIO CHECK] Telefone: 559870035468@c.us
2026-02-15 13:18:21: [HORÁRIO CHECK] Tem sessão ativa: SIM
2026-02-15 13:18:21: [HORÁRIO CHECK] Estado atual: ADD_MORE
2026-02-15 13:18:21: [HORÁRIO CHECK] É cliente no BD: SIM
2026-02-15 13:18:21: [HORÁRIO CHECK] Mensagem: "1"
2026-02-15 13:18:21: [HORÁRIO CHECK] É modo teste (mensagem): false
2026-02-15 13:18:21: [HORÁRIO CHECK] Sessão em modo teste: SIM
2026-02-15 13:18:21: [HORÁRIO] Servidor: 2026-02-15T12:18:21.452Z | Brasil (America/Fortaleza): 9:18 | Decimal: 9.30 | Aberto: 16-22.5 | Resultado: FECHADO ❌
2026-02-15 13:18:21: [HORÁRIO CHECK] ✅ Horário OK ou modo teste - continuando fluxo
2026-02-15 13:18:21: [HORÁRIO CHECK] ============================================
2026-02-15 13:18:21: 
2026-02-15 13:18:21: 
2026-02-15 13:18:21: ================================================================================
2026-02-15 13:18:21: [15/02/2026, 09:18:21] RECEBIDA
2026-02-15 13:18:21: 📞 Telefone: 559870035468
2026-02-15 13:18:21: 👤 Nome: Ana
2026-02-15 13:18:21: 📋 Estado: ADD_MORE
2026-02-15 13:18:21: ⚙️ Operação: Mensagem: "1" | Áudio: false | Mídia: false
2026-02-15 13:18:21: ================================================================================
2026-02-15 13:18:21: 
2026-02-15 13:18:21: [15/02/2026, 09:18:21] ℹ️ INFO: [FUNCIONÁRIO] Para: 559870035468@c.us | Tipo: chat | Msg: "Pronto! 1º açai montado ✅🍧
2026-02-15 13:18:21: Quer adicionar *mais u..."
2026-02-15 13:18:21: 
2026-02-15 13:18:21: ================================================================================
2026-02-15 13:18:21: [15/02/2026, 09:18:21] FUNCIONÁRIO
2026-02-15 13:18:21: 📞 Telefone: 559870035468
2026-02-15 13:18:21: 👤 Nome: (sem nome)
2026-02-15 13:18:21: 📋 Estado: BUILD_START
2026-02-15 13:18:21: ⚙️ Operação: Mensagem: "Pronto! 1º açai montado ✅🍧
2026-02-15 13:18:21: Quer adicionar *mais um açaí* ao pedido?
2026-02-15 13:18:21: *❯ 1-* ➕ Adicionar outro açaí
2026-02-15 13:18:21: *❯ 2-* ✅ Finalizar pedido"
2026-02-15 13:18:21: ================================================================================
2026-02-15 13:18:21: 
2026-02-15 13:18:23: [15/02/2026, 09:18:23] ℹ️ INFO: [FUNCIONÁRIO] Para: 559870035468@c.us | Tipo: chat | Msg: "*Ana*, vamos montar mais um açaí para o seu pedido..."
2026-02-15 13:18:23: 
2026-02-15 13:18:23: ================================================================================
2026-02-15 13:18:23: [15/02/2026, 09:18:23] FUNCIONÁRIO
2026-02-15 13:18:23: 📞 Telefone: 559870035468
2026-02-15 13:18:23: 👤 Nome: (sem nome)
2026-02-15 13:18:23: 📋 Estado: BUILD_START
2026-02-15 13:18:23: ⚙️ Operação: Mensagem: "*Ana*, vamos montar mais um açaí para o seu pedido 🍧"
2026-02-15 13:18:23: ================================================================================
2026-02-15 13:18:23: 
2026-02-15 13:18:26: [15/02/2026, 09:18:26] ℹ️ INFO: [FUNCIONÁRIO] Para: 559870035468@c.us | Tipo: chat | Msg: "Primeiro: escolha o *tamanho* 🥛
2026-02-15 13:18:26: 
2026-02-15 13:18:26: 1. Marmita 300ml..."
2026-02-15 13:18:26: 
2026-02-15 13:18:26: ================================================================================
2026-02-15 13:18:26: [15/02/2026, 09:18:26] FUNCIONÁRIO
2026-02-15 13:18:26: 📞 Telefone: 559870035468
2026-02-15 13:18:26: 👤 Nome: (sem nome)
2026-02-15 13:18:26: 📋 Estado: BUILD_SIZE
2026-02-15 13:18:26: ⚙️ Operação: Mensagem: "Primeiro: escolha o *tamanho* 🥛
2026-02-15 13:18:26: 
2026-02-15 13:18:26: 1. Marmita 300ml
2026-02-15 13:18:26: 2. Marmita 500ml
2026-02-15 13:18:26: 3. Marmita 700ml
2026-02-15 13:18:26: 4. Copo 300ml
2026-02-15 13:18:26: 5. Copo 400ml
2026-02-15 13:18:26: 6. Copo 500ml
2026-02-15 13:18:26: 
2026-02-15 13:18:26: *❯*  Digite o número (ex.: *1*)"
2026-02-15 13:18:26: ================================================================================
2026-02-15 13:18:26: 
2026-02-15 13:18:28: 
2026-02-15 13:18:28: ================================================================================
2026-02-15 13:18:28: [15/02/2026, 09:18:28] OPERAÇÃO
2026-02-15 13:18:28: 📞 Telefone: 559870035468
2026-02-15 13:18:28: 👤 Nome: Ana
2026-02-15 13:18:28: 📋 Estado: BUILD_START
2026-02-15 13:18:28: ⚙️ Operação: Iniciada montagem do Açaí #2
2026-02-15 13:18:28: ================================================================================
2026-02-15 13:18:28: 
2026-02-15 13:18:28: 
2026-02-15 13:18:28: ================================================================================
2026-02-15 13:18:28: [15/02/2026, 09:18:28] OPERAÇÃO
2026-02-15 13:18:28: 📞 Telefone: 559870035468
2026-02-15 13:18:28: 👤 Nome: Ana
2026-02-15 13:18:28: 📋 Estado: ADD_MORE
2026-02-15 13:18:28: ⚙️ Operação: Cliente adicionando outro açaí
2026-02-15 13:18:28: ================================================================================
2026-02-15 13:18:28: 
2026-02-15 13:18:28: [15/02/2026, 09:18:28] ℹ️ INFO: [MSG] De: 559870035468@c.us | Tipo: chat | Mídia: false | Audio: false
2026-02-15 13:18:28: 
2026-02-15 13:18:28: [HORÁRIO CHECK] ============================================
2026-02-15 13:18:28: [HORÁRIO CHECK] Telefone: 559870035468@c.us
2026-02-15 13:18:28: [HORÁRIO CHECK] Tem sessão ativa: SIM
2026-02-15 13:18:28: [HORÁRIO CHECK] Estado atual: BUILD_SIZE
2026-02-15 13:18:28: [HORÁRIO CHECK] É cliente no BD: SIM
2026-02-15 13:18:28: [HORÁRIO CHECK] Mensagem: "2"
2026-02-15 13:18:28: [HORÁRIO CHECK] É modo teste (mensagem): false
2026-02-15 13:18:28: [HORÁRIO CHECK] Sessão em modo teste: SIM
2026-02-15 13:18:28: [HORÁRIO] Servidor: 2026-02-15T12:18:28.429Z | Brasil (America/Fortaleza): 9:18 | Decimal: 9.30 | Aberto: 16-22.5 | Resultado: FECHADO ❌
2026-02-15 13:18:28: [HORÁRIO CHECK] ✅ Horário OK ou modo teste - continuando fluxo
2026-02-15 13:18:28: [HORÁRIO CHECK] ============================================
2026-02-15 13:18:28: 
2026-02-15 13:18:28: 
2026-02-15 13:18:28: ================================================================================
2026-02-15 13:18:28: [15/02/2026, 09:18:28] RECEBIDA
2026-02-15 13:18:28: 📞 Telefone: 559870035468
2026-02-15 13:18:28: 👤 Nome: Ana
2026-02-15 13:18:28: 📋 Estado: BUILD_SIZE
2026-02-15 13:18:28: ⚙️ Operação: Mensagem: "2" | Áudio: false | Mídia: false
2026-02-15 13:18:28: ================================================================================
2026-02-15 13:18:28: 
2026-02-15 13:18:28: 
2026-02-15 13:18:28: ================================================================================
2026-02-15 13:18:28: [15/02/2026, 09:18:28] OPERAÇÃO
2026-02-15 13:18:28: 📞 Telefone: 559870035468
2026-02-15 13:18:28: 👤 Nome: Ana
2026-02-15 13:18:28: 📋 Estado: BUILD_SIZE
2026-02-15 13:18:28: ⚙️ Operação: Tamanho selecionado: Marmita 500ml
2026-02-15 13:18:28: ================================================================================
2026-02-15 13:18:28: 
2026-02-15 13:18:30: [15/02/2026, 09:18:30] ℹ️ INFO: [FUNCIONÁRIO] Para: 559870035468@c.us | Tipo: chat | Msg: "Agora escolha os *sabores de açaí/cremes* 🍧
2026-02-15 13:18:30: (você..."
2026-02-15 13:18:30: 
2026-02-15 13:18:30: ================================================================================
2026-02-15 13:18:30: [15/02/2026, 09:18:30] FUNCIONÁRIO
2026-02-15 13:18:30: 📞 Telefone: 559870035468
2026-02-15 13:18:30: 👤 Nome: (sem nome)
2026-02-15 13:18:30: 📋 Estado: BUILD_ACAI
2026-02-15 13:18:30: ⚙️ Operação: Mensagem: "Agora escolha os *sabores de açaí/cremes* 🍧
2026-02-15 13:18:30: (você pode escolher mais de um)
2026-02-15 13:18:30: 
2026-02-15 13:18:30: 1. Açaí Master
2026-02-15 13:18:30: 2. Açaí Fit
2026-02-15 13:18:30: 3. Creme de Maracujá
2026-02-15 13:18:30: 4. Creme de Morango
2026-02-15 13:18:30: 5. Creme de Cupuaçu
2026-02-15 13:18:30: 6. Creme de Bacuri
2026-02-15 13:18:30: 
2026-02-15 13:18:30: Como responder:
2026-02-15 13:18:30: *❯*  Um sabor: *1*
2026-02-15 13:18:30: *❯*  Vários: *1,3,5*
2026-02-15 13:18:30: *❯*  *0*- para pular
2026-02-15 13:18:30: *❯*  *V*- para voltar"
2026-02-15 13:18:30: ================================================================================
2026-02-15 13:18:30: 
2026-02-15 13:18:31: [15/02/2026, 09:18:31] ℹ️ INFO: [MSG] De: 236055932461194@lid | Tipo: chat | Mídia: false | Audio: false
2026-02-15 13:18:31: 
2026-02-15 13:18:31: [HORÁRIO CHECK] ============================================
2026-02-15 13:18:31: [HORÁRIO CHECK] Telefone: 236055932461194@lid
2026-02-15 13:18:31: [HORÁRIO CHECK] Tem sessão ativa: SIM
2026-02-15 13:18:31: [HORÁRIO CHECK] Estado atual: CONFIRMA_ENDERECO_DELIVERY
2026-02-15 13:18:31: [HORÁRIO CHECK] É cliente no BD: SIM
2026-02-15 13:18:31: [HORÁRIO CHECK] Mensagem: "1"
2026-02-15 13:18:31: [HORÁRIO CHECK] É modo teste (mensagem): false
2026-02-15 13:18:31: [HORÁRIO CHECK] Sessão em modo teste: SIM
2026-02-15 13:18:31: [HORÁRIO] Servidor: 2026-02-15T12:18:31.466Z | Brasil (America/Fortaleza): 9:18 | Decimal: 9.30 | Aberto: 16-22.5 | Resultado: FECHADO ❌
2026-02-15 13:18:31: [HORÁRIO CHECK] ✅ Horário OK ou modo teste - continuando fluxo
2026-02-15 13:18:31: [HORÁRIO CHECK] ============================================
2026-02-15 13:18:31: 
2026-02-15 13:18:31: 
2026-02-15 13:18:31: ================================================================================
2026-02-15 13:18:31: [15/02/2026, 09:18:31] RECEBIDA
2026-02-15 13:18:31: 📞 Telefone: 236055932461194@lid
2026-02-15 13:18:31: 👤 Nome: Atenir
2026-02-15 13:18:31: 📋 Estado: CONFIRMA_ENDERECO_DELIVERY
2026-02-15 13:18:31: ⚙️ Operação: Mensagem: "1" | Áudio: false | Mídia: false
2026-02-15 13:18:31: ================================================================================
2026-02-15 13:18:31: 
2026-02-15 13:18:31: 💾 BD salvo: 3 clientes
2026-02-15 13:18:31: ✅ Endereço salvo: Escalvado, Cândido Mendes, 547... (236055932461194@lid)
2026-02-15 13:18:31: 💾 BD salvo: 3 clientes
2026-02-15 13:18:31: ✅ Último pedido salvo: 1 itens | Entrega: delivery | Pedidos confirmados: 3 (236055932461194@lid)
2026-02-15 13:18:33: [15/02/2026, 09:18:33] ℹ️ INFO: [FUNCIONÁRIO] Para: 236055932461194@lid | Tipo: chat | Msg: "Pedido recebido *Atenir* 😉
2026-02-15 13:18:33: Já estamos montando o ..."
2026-02-15 13:18:33: 
2026-02-15 13:18:33: ================================================================================
2026-02-15 13:18:33: [15/02/2026, 09:18:33] FUNCIONÁRIO
2026-02-15 13:18:33: 📞 Telefone: 236055932461194@lid
2026-02-15 13:18:33: 👤 Nome: (sem nome)
2026-02-15 13:18:33: 📋 Estado: PREPARE
2026-02-15 13:18:33: ⚙️ Operação: Mensagem: "Pedido recebido *Atenir* 😉
2026-02-15 13:18:33: Já estamos montando o seu açaí!
2026-02-15 13:18:33: ⏳ Em breve te enviamos a foto com o valor do pedido."
2026-02-15 13:18:33: ================================================================================
2026-02-15 13:18:33: 
2026-02-15 13:18:33: [15/02/2026, 09:18:33] ℹ️ INFO: [PROTEÇÃO] Ignorando mensagem para 559870278100@c.us - contato não iniciou conversa
2026-02-15 13:18:33: 
2026-02-15 13:18:33: ================================================================================
2026-02-15 13:18:33: [15/02/2026, 09:18:33] ENVIADA
2026-02-15 13:18:33: 📞 Telefone: 236055932461194@lid
2026-02-15 13:18:33: 👤 Nome: Atenir
2026-02-15 13:18:33: 📋 Estado: PREPARE
2026-02-15 13:18:33: ⚙️ Operação: Resumo do pedido enviado para admin (delivery)
2026-02-15 13:18:33: ================================================================================
2026-02-15 13:18:33: 
2026-02-15 13:18:33: 
2026-02-15 13:18:33: ================================================================================
2026-02-15 13:18:33: [15/02/2026, 09:18:33] OPERAÇÃO
2026-02-15 13:18:33: 📞 Telefone: 236055932461194@lid
2026-02-15 13:18:33: 👤 Nome: Atenir
2026-02-15 13:18:33: 📋 Estado: CONFIRMA_ENDERECO_DELIVERY
2026-02-15 13:18:33: ⚙️ Operação: Endereço+região+taxa confirmados (integrado): Escalvado, Cândido Mendes, 547 | Centro R$5.00
2026-02-15 13:18:33: ================================================================================
2026-02-15 13:18:33: 
2026-02-15 13:18:50: [15/02/2026, 09:18:50] ℹ️ INFO: [MSG] De: 559870035468@c.us | Tipo: chat | Mídia: false | Audio: false
2026-02-15 13:18:50: 
2026-02-15 13:18:50: [HORÁRIO CHECK] ============================================
2026-02-15 13:18:50: [HORÁRIO CHECK] Telefone: 559870035468@c.us
2026-02-15 13:18:50: [HORÁRIO CHECK] Tem sessão ativa: SIM
2026-02-15 13:18:50: [HORÁRIO CHECK] Estado atual: BUILD_ACAI
2026-02-15 13:18:50: [HORÁRIO CHECK] É cliente no BD: SIM
2026-02-15 13:18:50: [HORÁRIO CHECK] Mensagem: "1"
2026-02-15 13:18:50: [HORÁRIO CHECK] É modo teste (mensagem): false
2026-02-15 13:18:50: [HORÁRIO CHECK] Sessão em modo teste: SIM
2026-02-15 13:18:50: [HORÁRIO] Servidor: 2026-02-15T12:18:50.607Z | Brasil (America/Fortaleza): 9:18 | Decimal: 9.30 | Aberto: 16-22.5 | Resultado: FECHADO ❌
2026-02-15 13:18:50: [HORÁRIO CHECK] ✅ Horário OK ou modo teste - continuando fluxo
2026-02-15 13:18:50: [HORÁRIO CHECK] ============================================
2026-02-15 13:18:50: 
2026-02-15 13:18:50: 
2026-02-15 13:18:50: ================================================================================
2026-02-15 13:18:50: [15/02/2026, 09:18:50] RECEBIDA
2026-02-15 13:18:50: 📞 Telefone: 559870035468
2026-02-15 13:18:50: 👤 Nome: Ana
2026-02-15 13:18:50: 📋 Estado: BUILD_ACAI
2026-02-15 13:18:50: ⚙️ Operação: Mensagem: "1" | Áudio: false | Mídia: false
2026-02-15 13:18:50: ================================================================================
2026-02-15 13:18:50: 
2026-02-15 13:18:50: 
2026-02-15 13:18:50: ================================================================================
2026-02-15 13:18:50: [15/02/2026, 09:18:50] OPERAÇÃO
2026-02-15 13:18:50: 📞 Telefone: 559870035468
2026-02-15 13:18:50: 👤 Nome: Ana
2026-02-15 13:18:50: 📋 Estado: BUILD_ACAI
2026-02-15 13:18:50: ⚙️ Operação: Açaís: Açaí Master
2026-02-15 13:18:50: ================================================================================
2026-02-15 13:18:50: 
2026-02-15 13:18:52: [15/02/2026, 09:18:52] ℹ️ INFO: [FUNCIONÁRIO] Para: 559870035468@c.us | Tipo: chat | Msg: "Quer adicionar *gelatos/sorvetes*? 🍦✨
2026-02-15 13:18:52: (Escolha qu..."
2026-02-15 13:18:52: 
2026-02-15 13:18:52: ================================================================================
2026-02-15 13:18:52: [15/02/2026, 09:18:52] FUNCIONÁRIO
2026-02-15 13:18:52: 📞 Telefone: 559870035468
2026-02-15 13:18:52: 👤 Nome: (sem nome)
2026-02-15 13:18:52: 📋 Estado: BUILD_GELATOS
2026-02-15 13:18:52: ⚙️ Operação: Mensagem: "Quer adicionar *gelatos/sorvetes*? 🍦✨
2026-02-15 13:18:52: (Escolha quantos quiser)
2026-02-15 13:18:52: 
2026-02-15 13:18:52: *Tradicionais*
2026-02-15 13:18:52: 1. Flocos
2026-02-15 13:18:52: 2. Creme com Passas
2026-02-15 13:18:52: 3. Chocobelga
2026-02-15 13:18:52: 4. Unicórnio
2026-02-15 13:18:52: 
2026-02-15 13:18:52: *Cremes especiais*
2026-02-15 13:18:52: 5. Creme de Ovomaltine
2026-02-15 13:18:52: 6. Creme de Oreo
2026-02-15 13:18:52: 7. Creme de Ninho
2026-02-15 13:18:52: 
2026-02-15 13:18:52: Responda:
2026-02-15 13:18:52: *❯*  Um: *1*
2026-02-15 13:18:52: *❯*  Vários: *1,4,7*
2026-02-15 13:18:52: *❯*  *0*- pular | *V*- voltar"
2026-02-15 13:18:52: ================================================================================
2026-02-15 13:18:52: 
2026-02-15 13:18:52: [15/02/2026, 09:18:52] ℹ️ INFO: [MSG] De: 559870035468@c.us | Tipo: chat | Mídia: false | Audio: false
2026-02-15 13:18:52: 
2026-02-15 13:18:52: [HORÁRIO CHECK] ============================================
2026-02-15 13:18:52: [HORÁRIO CHECK] Telefone: 559870035468@c.us
2026-02-15 13:18:52: [HORÁRIO CHECK] Tem sessão ativa: SIM
2026-02-15 13:18:52: [HORÁRIO CHECK] Estado atual: BUILD_GELATOS
2026-02-15 13:18:52: [HORÁRIO CHECK] É cliente no BD: SIM
2026-02-15 13:18:52: [HORÁRIO CHECK] Mensagem: "1"
2026-02-15 13:18:52: [HORÁRIO CHECK] É modo teste (mensagem): false
2026-02-15 13:18:52: [HORÁRIO CHECK] Sessão em modo teste: SIM
2026-02-15 13:18:52: [HORÁRIO] Servidor: 2026-02-15T12:18:52.517Z | Brasil (America/Fortaleza): 9:18 | Decimal: 9.30 | Aberto: 16-22.5 | Resultado: FECHADO ❌
2026-02-15 13:18:52: [HORÁRIO CHECK] ✅ Horário OK ou modo teste - continuando fluxo
2026-02-15 13:18:52: [HORÁRIO CHECK] ============================================
2026-02-15 13:18:52: 
2026-02-15 13:18:52: 
2026-02-15 13:18:52: ================================================================================
2026-02-15 13:18:52: [15/02/2026, 09:18:52] RECEBIDA
2026-02-15 13:18:52: 📞 Telefone: 559870035468
2026-02-15 13:18:52: 👤 Nome: Ana
2026-02-15 13:18:52: 📋 Estado: BUILD_GELATOS
2026-02-15 13:18:52: ⚙️ Operação: Mensagem: "1" | Áudio: false | Mídia: false
2026-02-15 13:18:52: ================================================================================
2026-02-15 13:18:52: 
2026-02-15 13:18:52: 
2026-02-15 13:18:52: ================================================================================
2026-02-15 13:18:52: [15/02/2026, 09:18:52] OPERAÇÃO
2026-02-15 13:18:52: 📞 Telefone: 559870035468
2026-02-15 13:18:52: 👤 Nome: Ana
2026-02-15 13:18:52: 📋 Estado: BUILD_GELATOS
2026-02-15 13:18:52: ⚙️ Operação: Gelatos: Flocos
2026-02-15 13:18:52: ================================================================================
2026-02-15 13:18:52: 
2026-02-15 13:18:54: [15/02/2026, 09:18:54] ℹ️ INFO: [FUNCIONÁRIO] Para: 559870035468@c.us | Tipo: chat | Msg: "Quer adicionar *frutas*? 🍓🍌
2026-02-15 13:18:54: (Escolha quantas qui..."
2026-02-15 13:18:54: 
2026-02-15 13:18:54: ================================================================================
2026-02-15 13:18:54: [15/02/2026, 09:18:54] FUNCIONÁRIO
2026-02-15 13:18:54: 📞 Telefone: 559870035468
2026-02-15 13:18:54: 👤 Nome: (sem nome)
2026-02-15 13:18:54: 📋 Estado: BUILD_FRUTAS
2026-02-15 13:18:54: ⚙️ Operação: Mensagem: "Quer adicionar *frutas*? 🍓🍌
2026-02-15 13:18:54: (Escolha quantas quiser)
2026-02-15 13:18:54: 
2026-02-15 13:18:54: 1. Banana
2026-02-15 13:18:54: 2. Morango
2026-02-15 13:18:54: 3. Kiwi
2026-02-15 13:18:54: 4. Uva
2026-02-15 13:18:54: 
2026-02-15 13:18:54: *❯*  Responda: *1* ou *1,2*
2026-02-15 13:18:54: *❯*  *0*- pular | *V*- voltar"
2026-02-15 13:18:54: ================================================================================
2026-02-15 13:18:54: 
2026-02-15 13:18:54: [15/02/2026, 09:18:54] ℹ️ INFO: [MSG] De: 559870035468@c.us | Tipo: chat | Mídia: false | Audio: false
2026-02-15 13:18:54: 
2026-02-15 13:18:54: [HORÁRIO CHECK] ============================================
2026-02-15 13:18:54: [HORÁRIO CHECK] Telefone: 559870035468@c.us
2026-02-15 13:18:54: [HORÁRIO CHECK] Tem sessão ativa: SIM
2026-02-15 13:18:54: [HORÁRIO CHECK] Estado atual: BUILD_FRUTAS
2026-02-15 13:18:54: [HORÁRIO CHECK] É cliente no BD: SIM
2026-02-15 13:18:54: [HORÁRIO CHECK] Mensagem: "1"
2026-02-15 13:18:54: [HORÁRIO CHECK] É modo teste (mensagem): false
2026-02-15 13:18:54: [HORÁRIO CHECK] Sessão em modo teste: SIM
2026-02-15 13:18:54: [HORÁRIO] Servidor: 2026-02-15T12:18:54.258Z | Brasil (America/Fortaleza): 9:18 | Decimal: 9.30 | Aberto: 16-22.5 | Resultado: FECHADO ❌
2026-02-15 13:18:54: [HORÁRIO CHECK] ✅ Horário OK ou modo teste - continuando fluxo
2026-02-15 13:18:54: [HORÁRIO CHECK] ============================================
2026-02-15 13:18:54: 
2026-02-15 13:18:54: 
2026-02-15 13:18:54: ================================================================================
2026-02-15 13:18:54: [15/02/2026, 09:18:54] RECEBIDA
2026-02-15 13:18:54: 📞 Telefone: 559870035468
2026-02-15 13:18:54: 👤 Nome: Ana
2026-02-15 13:18:54: 📋 Estado: BUILD_FRUTAS
2026-02-15 13:18:54: ⚙️ Operação: Mensagem: "1" | Áudio: false | Mídia: false
2026-02-15 13:18:54: ================================================================================
2026-02-15 13:18:54: 
2026-02-15 13:18:54: 
2026-02-15 13:18:54: ================================================================================
2026-02-15 13:18:54: [15/02/2026, 09:18:54] OPERAÇÃO
2026-02-15 13:18:54: 📞 Telefone: 559870035468
2026-02-15 13:18:54: 👤 Nome: Ana
2026-02-15 13:18:54: 📋 Estado: BUILD_FRUTAS
2026-02-15 13:18:54: ⚙️ Operação: Frutas: Banana
2026-02-15 13:18:54: ================================================================================
2026-02-15 13:18:54: 
2026-02-15 13:18:55: [15/02/2026, 09:18:55] ℹ️ INFO: [MSG] De: 559870035468@c.us | Tipo: chat | Mídia: false | Audio: false
2026-02-15 13:18:55: 
2026-02-15 13:18:55: [HORÁRIO CHECK] ============================================
2026-02-15 13:18:55: [HORÁRIO CHECK] Telefone: 559870035468@c.us
2026-02-15 13:18:55: [HORÁRIO CHECK] Tem sessão ativa: SIM
2026-02-15 13:18:55: [HORÁRIO CHECK] Estado atual: BUILD_COMPLEMENTOS
2026-02-15 13:18:55: [HORÁRIO CHECK] É cliente no BD: SIM
2026-02-15 13:18:55: [HORÁRIO CHECK] Mensagem: "1"
2026-02-15 13:18:55: [HORÁRIO CHECK] É modo teste (mensagem): false
2026-02-15 13:18:55: [HORÁRIO CHECK] Sessão em modo teste: SIM
2026-02-15 13:18:55: [HORÁRIO] Servidor: 2026-02-15T12:18:55.437Z | Brasil (America/Fortaleza): 9:18 | Decimal: 9.30 | Aberto: 16-22.5 | Resultado: FECHADO ❌
2026-02-15 13:18:55: [HORÁRIO CHECK] ✅ Horário OK ou modo teste - continuando fluxo
2026-02-15 13:18:55: [HORÁRIO CHECK] ============================================
2026-02-15 13:18:55: 
2026-02-15 13:18:55: 
2026-02-15 13:18:55: ================================================================================
2026-02-15 13:18:55: [15/02/2026, 09:18:55] RECEBIDA
2026-02-15 13:18:55: 📞 Telefone: 559870035468
2026-02-15 13:18:55: 👤 Nome: Ana
2026-02-15 13:18:55: 📋 Estado: BUILD_COMPLEMENTOS
2026-02-15 13:18:55: ⚙️ Operação: Mensagem: "1" | Áudio: false | Mídia: false
2026-02-15 13:18:55: ================================================================================
2026-02-15 13:18:55: 
2026-02-15 13:18:55: 
2026-02-15 13:18:55: ================================================================================
2026-02-15 13:18:55: [15/02/2026, 09:18:55] OPERAÇÃO
2026-02-15 13:18:55: 📞 Telefone: 559870035468
2026-02-15 13:18:55: 👤 Nome: Ana
2026-02-15 13:18:55: 📋 Estado: BUILD_COMPLEMENTOS
2026-02-15 13:18:55: ⚙️ Operação: Complementos P1: Cereja em Calda
2026-02-15 13:18:55: ================================================================================
2026-02-15 13:18:55: 
2026-02-15 13:18:55: [15/02/2026, 09:18:55] ℹ️ INFO: [FUNCIONÁRIO] Para: 559870035468@c.us | Tipo: chat | Msg: "Agora os *complementos* 🍬✨
2026-02-15 13:18:55: (Parte 1 de 2)
2026-02-15 13:18:55: 
2026-02-15 13:18:55: 1. Cer..."
2026-02-15 13:18:55: 
2026-02-15 13:18:55: ================================================================================
2026-02-15 13:18:55: [15/02/2026, 09:18:55] FUNCIONÁRIO
2026-02-15 13:18:55: 📞 Telefone: 559870035468
2026-02-15 13:18:55: 👤 Nome: (sem nome)
2026-02-15 13:18:55: 📋 Estado: BUILD_COMPLEMENTOS_P2
2026-02-15 13:18:55: ⚙️ Operação: Mensagem: "Agora os *complementos* 🍬✨
2026-02-15 13:18:55: (Parte 1 de 2)
2026-02-15 13:18:55: 
2026-02-15 13:18:55: 1. Cereja em Calda
2026-02-15 13:18:55: 2. Morango em Calda
2026-02-15 13:18:55: 3. Doce de Leite
2026-02-15 13:18:55: 4. Nutella
2026-02-15 13:18:55: 5. Marshmallow
2026-02-15 13:18:55: 6. Tapioca
2026-02-15 13:18:55: 7. Flocos
2026-02-15 13:18:55: 8. M&M
2026-02-15 13:18:55: 
2026-02-15 13:18:55: *❯*  Responda: *1* ou *1,3,5*
2026-02-15 13:18:55: *❯*  *0*- pular | *V*- voltar"
2026-02-15 13:18:55: ================================================================================
2026-02-15 13:18:55: 
2026-02-15 13:18:56: [15/02/2026, 09:18:56] ℹ️ INFO: [MSG] De: 559870035468@c.us | Tipo: chat | Mídia: false | Audio: false
2026-02-15 13:18:56: 
2026-02-15 13:18:56: [HORÁRIO CHECK] ============================================
2026-02-15 13:18:56: [HORÁRIO CHECK] Telefone: 559870035468@c.us
2026-02-15 13:18:56: [HORÁRIO CHECK] Tem sessão ativa: SIM
2026-02-15 13:18:56: [HORÁRIO CHECK] Estado atual: BUILD_COMPLEMENTOS_P2
2026-02-15 13:18:56: [HORÁRIO CHECK] É cliente no BD: SIM
2026-02-15 13:18:56: [HORÁRIO CHECK] Mensagem: "1"
2026-02-15 13:18:56: [HORÁRIO CHECK] É modo teste (mensagem): false
2026-02-15 13:18:56: [HORÁRIO CHECK] Sessão em modo teste: SIM
2026-02-15 13:18:56: [HORÁRIO] Servidor: 2026-02-15T12:18:56.689Z | Brasil (America/Fortaleza): 9:18 | Decimal: 9.30 | Aberto: 16-22.5 | Resultado: FECHADO ❌
2026-02-15 13:18:56: [HORÁRIO CHECK] ✅ Horário OK ou modo teste - continuando fluxo
2026-02-15 13:18:56: [HORÁRIO CHECK] ============================================
2026-02-15 13:18:56: 
2026-02-15 13:18:56: 
2026-02-15 13:18:56: ================================================================================
2026-02-15 13:18:56: [15/02/2026, 09:18:56] RECEBIDA
2026-02-15 13:18:56: 📞 Telefone: 559870035468
2026-02-15 13:18:56: 👤 Nome: Ana
2026-02-15 13:18:56: 📋 Estado: BUILD_COMPLEMENTOS_P2
2026-02-15 13:18:56: ⚙️ Operação: Mensagem: "1" | Áudio: false | Mídia: false
2026-02-15 13:18:56: ================================================================================
2026-02-15 13:18:56: 
2026-02-15 13:18:56: 
2026-02-15 13:18:56: ================================================================================
2026-02-15 13:18:56: [15/02/2026, 09:18:56] OPERAÇÃO
2026-02-15 13:18:56: 📞 Telefone: 559870035468
2026-02-15 13:18:56: 👤 Nome: Ana
2026-02-15 13:18:56: 📋 Estado: BUILD_COMPLEMENTOS_P2
2026-02-15 13:18:56: ⚙️ Operação: Complementos P2: Cereja em Calda
2026-02-15 13:18:56: ================================================================================
2026-02-15 13:18:56: 
2026-02-15 13:18:57: [15/02/2026, 09:18:57] ℹ️ INFO: [FUNCIONÁRIO] Para: 559870035468@c.us | Tipo: chat | Msg: "*Complementos* 🍭 (Parte 2 de 2)
2026-02-15 13:18:57: 
2026-02-15 13:18:57: 9. Fine Amora
2026-02-15 13:18:57: 10..."
2026-02-15 13:18:57: 
2026-02-15 13:18:57: ================================================================================
2026-02-15 13:18:57: [15/02/2026, 09:18:57] FUNCIONÁRIO
2026-02-15 13:18:57: 📞 Telefone: 559870035468
2026-02-15 13:18:57: 👤 Nome: (sem nome)
2026-02-15 13:18:57: 📋 Estado: BUILD_CALDAS
2026-02-15 13:18:57: ⚙️ Operação: Mensagem: "*Complementos* 🍭 (Parte 2 de 2)
2026-02-15 13:18:57: 
2026-02-15 13:18:57: 9. Fine Amora
2026-02-15 13:18:57: 10. Fine Banana
2026-02-15 13:18:57: 11. Fine Dentadura
2026-02-15 13:18:57: 12. Jujuba
2026-02-15 13:18:57: 13. Bala de Gelatina
2026-02-15 13:18:57: 14. Cookies Branco
2026-02-15 13:18:57: 
2026-02-15 13:18:57: *❯*  Responda: *1* ou *1,3*
2026-02-15 13:18:57: *❯*  *0*- pular | *V*- voltar"
2026-02-15 13:18:57: ================================================================================
2026-02-15 13:18:57: 
2026-02-15 13:18:57: [15/02/2026, 09:18:57] ℹ️ INFO: [MSG] De: 559870035468@c.us | Tipo: chat | Mídia: false | Audio: false
2026-02-15 13:18:57: 
2026-02-15 13:18:57: [HORÁRIO CHECK] ============================================
2026-02-15 13:18:57: [HORÁRIO CHECK] Telefone: 559870035468@c.us
2026-02-15 13:18:57: [HORÁRIO CHECK] Tem sessão ativa: SIM
2026-02-15 13:18:57: [HORÁRIO CHECK] Estado atual: BUILD_CALDAS
2026-02-15 13:18:57: [HORÁRIO CHECK] É cliente no BD: SIM
2026-02-15 13:18:57: [HORÁRIO CHECK] Mensagem: "2"
2026-02-15 13:18:57: [HORÁRIO CHECK] É modo teste (mensagem): false
2026-02-15 13:18:57: [HORÁRIO CHECK] Sessão em modo teste: SIM
2026-02-15 13:18:57: [HORÁRIO] Servidor: 2026-02-15T12:18:57.952Z | Brasil (America/Fortaleza): 9:18 | Decimal: 9.30 | Aberto: 16-22.5 | Resultado: FECHADO ❌
2026-02-15 13:18:57: [HORÁRIO CHECK] ✅ Horário OK ou modo teste - continuando fluxo
2026-02-15 13:18:57: [HORÁRIO CHECK] ============================================
2026-02-15 13:18:57: 
2026-02-15 13:18:57: 
2026-02-15 13:18:57: ================================================================================
2026-02-15 13:18:57: [15/02/2026, 09:18:57] RECEBIDA
2026-02-15 13:18:57: 📞 Telefone: 559870035468
2026-02-15 13:18:57: 👤 Nome: Ana
2026-02-15 13:18:57: 📋 Estado: BUILD_CALDAS
2026-02-15 13:18:57: ⚙️ Operação: Mensagem: "2" | Áudio: false | Mídia: false
2026-02-15 13:18:57: ================================================================================
2026-02-15 13:18:57: 
2026-02-15 13:18:57: 
2026-02-15 13:18:57: ================================================================================
2026-02-15 13:18:57: [15/02/2026, 09:18:57] OPERAÇÃO
2026-02-15 13:18:57: 📞 Telefone: 559870035468
2026-02-15 13:18:57: 👤 Nome: Ana
2026-02-15 13:18:57: 📋 Estado: BUILD_CALDAS
2026-02-15 13:18:57: ⚙️ Operação: Caldas: Mágica
2026-02-15 13:18:57: ================================================================================
2026-02-15 13:18:57: 
2026-02-15 13:18:58: [15/02/2026, 09:18:58] ℹ️ INFO: [FUNCIONÁRIO] Para: 559870035468@c.us | Tipo: chat | Msg: "Por último, quer adicionar *caldas*? 🍯
2026-02-15 13:18:58: 
2026-02-15 13:18:58: 1. Pistac..."
2026-02-15 13:18:58: 
2026-02-15 13:18:58: ================================================================================
2026-02-15 13:18:58: [15/02/2026, 09:18:58] FUNCIONÁRIO
2026-02-15 13:18:58: 📞 Telefone: 559870035468
2026-02-15 13:18:58: 👤 Nome: (sem nome)
2026-02-15 13:18:58: 📋 Estado: ADD_MORE
2026-02-15 13:18:58: ⚙️ Operação: Mensagem: "Por último, quer adicionar *caldas*? 🍯
2026-02-15 13:18:58: 
2026-02-15 13:18:58: 1. Pistache
2026-02-15 13:18:58: 2. Mágica
2026-02-15 13:18:58: 3. Mágica ao Leite
2026-02-15 13:18:58: 
2026-02-15 13:18:58: *❯*  Responda: *1* ou *1,2*
2026-02-15 13:18:58: *❯*  *0*- pular | *V*- voltar"
2026-02-15 13:18:58: ================================================================================
2026-02-15 13:18:58: 
2026-02-15 13:18:59: [15/02/2026, 09:18:59] ℹ️ INFO: [FUNCIONÁRIO] Para: 559870035468@c.us | Tipo: chat | Msg: "Pronto! 2º açai montado ✅🍧
2026-02-15 13:18:59: Quer adicionar *mais u..."
2026-02-15 13:18:59: 
2026-02-15 13:18:59: ================================================================================
2026-02-15 13:18:59: [15/02/2026, 09:18:59] FUNCIONÁRIO
2026-02-15 13:18:59: 📞 Telefone: 559870035468
2026-02-15 13:18:59: 👤 Nome: (sem nome)
2026-02-15 13:18:59: 📋 Estado: ADD_MORE
2026-02-15 13:18:59: ⚙️ Operação: Mensagem: "Pronto! 2º açai montado ✅🍧
2026-02-15 13:18:59: Quer adicionar *mais um açaí* ao pedido?
2026-02-15 13:18:59: *❯ 1-* ➕ Adicionar outro açaí
2026-02-15 13:18:59: *❯ 2-* ✅ Finalizar pedido"
2026-02-15 13:18:59: ================================================================================
2026-02-15 13:18:59: 
2026-02-15 13:18:59: [15/02/2026, 09:18:59] ℹ️ INFO: [MSG] De: 559870035468@c.us | Tipo: chat | Mídia: false | Audio: false
2026-02-15 13:18:59: 
2026-02-15 13:18:59: [HORÁRIO CHECK] ============================================
2026-02-15 13:18:59: [HORÁRIO CHECK] Telefone: 559870035468@c.us
2026-02-15 13:18:59: [HORÁRIO CHECK] Tem sessão ativa: SIM
2026-02-15 13:18:59: [HORÁRIO CHECK] Estado atual: ADD_MORE
2026-02-15 13:18:59: [HORÁRIO CHECK] É cliente no BD: SIM
2026-02-15 13:18:59: [HORÁRIO CHECK] Mensagem: "2"
2026-02-15 13:18:59: [HORÁRIO CHECK] É modo teste (mensagem): false
2026-02-15 13:18:59: [HORÁRIO CHECK] Sessão em modo teste: SIM
2026-02-15 13:18:59: [HORÁRIO] Servidor: 2026-02-15T12:18:59.882Z | Brasil (America/Fortaleza): 9:18 | Decimal: 9.30 | Aberto: 16-22.5 | Resultado: FECHADO ❌
2026-02-15 13:18:59: [HORÁRIO CHECK] ✅ Horário OK ou modo teste - continuando fluxo
2026-02-15 13:18:59: [HORÁRIO CHECK] ============================================
2026-02-15 13:18:59: 
2026-02-15 13:18:59: 
2026-02-15 13:18:59: ================================================================================
2026-02-15 13:18:59: [15/02/2026, 09:18:59] RECEBIDA
2026-02-15 13:18:59: 📞 Telefone: 559870035468
2026-02-15 13:18:59: 👤 Nome: Ana
2026-02-15 13:18:59: 📋 Estado: ADD_MORE
2026-02-15 13:18:59: ⚙️ Operação: Mensagem: "2" | Áudio: false | Mídia: false
2026-02-15 13:18:59: ================================================================================
2026-02-15 13:18:59: 
2026-02-15 13:19:01: [15/02/2026, 09:19:01] ℹ️ INFO: [FUNCIONÁRIO] Para: 559870035468@c.us | Tipo: chat | Msg: "📋 *Resumo do seu pedido*
2026-02-15 13:19:01: 
2026-02-15 13:19:01: *Açaí 1* 🍧
2026-02-15 13:19:01: 📦 Tamanho:..."
2026-02-15 13:19:01: 
2026-02-15 13:19:01: ================================================================================
2026-02-15 13:19:01: [15/02/2026, 09:19:01] FUNCIONÁRIO
2026-02-15 13:19:01: 📞 Telefone: 559870035468
2026-02-15 13:19:01: 👤 Nome: (sem nome)
2026-02-15 13:19:01: 📋 Estado: REVIEW
2026-02-15 13:19:01: ⚙️ Operação: Mensagem: "📋 *Resumo do seu pedido*
2026-02-15 13:19:01: 
2026-02-15 13:19:01: *Açaí 1* 🍧
2026-02-15 13:19:01: 📦 Tamanho: *Marmita 300ml*
2026-02-15 13:19:01: 🍨 Açaí: *Açaí Master*
2026-02-15 13:19:01: 🍦 Gelatos: *Flocos*
2026-02-15 13:19:01: 🍓 Frutas: *Banana*
2026-02-15 13:19:01: 🍫 Complementos: *(não selecionado)*
2026-02-15 13:19:01: 🍯 Caldas: *Mágica ao Leite*
2026-02-15 13:19:01: 
2026-02-15 13:19:01: *Açaí 2* 🍧
2026-02-15 13:19:01: 📦 Tamanho: *Marmita 500ml*
2026-02-15 13:19:01: 🍨 Açaí: *Açaí Master*
2026-02-15 13:19:01: 🍦 Gelatos: *Flocos*
2026-02-15 13:19:01: 🍓 Frutas: *Banana*
2026-02-15 13:19:01: 🍫 Complementos: *Cereja em Calda*
2026-02-15 13:19:01: 🍯 Caldas: *Mágica*
2026-02-15 13:19:01: 
2026-02-15 13:19:01: *Preço base:* 1kg = R$ 70
2026-02-15 13:19:01: 
2026-02-15 13:19:01: O que deseja fazer?
2026-02-15 13:19:01: *❯ 1-* ✅ Confirmar pedido
2026-02-15 13:19:01: *❯ 2-* ✏️ Editar um açaí
2026-02-15 13:19:01: *❯ 3-* 🔄 Alterar meu nome"
2026-02-15 13:19:01: ================================================================================
2026-02-15 13:19:01: 
2026-02-15 13:19:01: 
2026-02-15 13:19:01: ================================================================================
2026-02-15 13:19:01: [15/02/2026, 09:19:01] OPERAÇÃO
2026-02-15 13:19:01: 📞 Telefone: 559870035468
2026-02-15 13:19:01: 👤 Nome: Ana
2026-02-15 13:19:01: 📋 Estado: ADD_MORE
2026-02-15 13:19:01: ⚙️ Operação: Cliente finalizando pedido
2026-02-15 13:19:01: ================================================================================
2026-02-15 13:19:01: 
2026-02-15 13:19:02: [15/02/2026, 09:19:02] ℹ️ INFO: [MSG] De: 559870035468@c.us | Tipo: chat | Mídia: false | Audio: false
2026-02-15 13:19:02: 
2026-02-15 13:19:02: [HORÁRIO CHECK] ============================================
2026-02-15 13:19:02: [HORÁRIO CHECK] Telefone: 559870035468@c.us
2026-02-15 13:19:02: [HORÁRIO CHECK] Tem sessão ativa: SIM
2026-02-15 13:19:02: [HORÁRIO CHECK] Estado atual: REVIEW
2026-02-15 13:19:02: [HORÁRIO CHECK] É cliente no BD: SIM
2026-02-15 13:19:02: [HORÁRIO CHECK] Mensagem: "2"
2026-02-15 13:19:02: [HORÁRIO CHECK] É modo teste (mensagem): false
2026-02-15 13:19:02: [HORÁRIO CHECK] Sessão em modo teste: SIM
2026-02-15 13:19:02: [HORÁRIO] Servidor: 2026-02-15T12:19:02.541Z | Brasil (America/Fortaleza): 9:19 | Decimal: 9.32 | Aberto: 16-22.5 | Resultado: FECHADO ❌
2026-02-15 13:19:02: [HORÁRIO CHECK] ✅ Horário OK ou modo teste - continuando fluxo
2026-02-15 13:19:02: [HORÁRIO CHECK] ============================================
2026-02-15 13:19:02: 
2026-02-15 13:19:02: 
2026-02-15 13:19:02: ================================================================================
2026-02-15 13:19:02: [15/02/2026, 09:19:02] RECEBIDA
2026-02-15 13:19:02: 📞 Telefone: 559870035468
2026-02-15 13:19:02: 👤 Nome: Ana
2026-02-15 13:19:02: 📋 Estado: REVIEW
2026-02-15 13:19:02: ⚙️ Operação: Mensagem: "2" | Áudio: false | Mídia: false
2026-02-15 13:19:02: ================================================================================
2026-02-15 13:19:02: 
2026-02-15 13:19:04: [15/02/2026, 09:19:04] ℹ️ INFO: [FUNCIONÁRIO] Para: 559870035468@c.us | Tipo: chat | Msg: "Qual açaí você quer editar?
2026-02-15 13:19:04: 
2026-02-15 13:19:04: *❯ 1-* Açaí 1 (Marmit..."
2026-02-15 13:19:04: 
2026-02-15 13:19:04: ================================================================================
2026-02-15 13:19:04: [15/02/2026, 09:19:04] FUNCIONÁRIO
2026-02-15 13:19:04: 📞 Telefone: 559870035468
2026-02-15 13:19:04: 👤 Nome: (sem nome)
2026-02-15 13:19:04: 📋 Estado: REVIEW_EDIT_ACAI
2026-02-15 13:19:04: ⚙️ Operação: Mensagem: "Qual açaí você quer editar?
2026-02-15 13:19:04: 
2026-02-15 13:19:04: *❯ 1-* Açaí 1 (Marmita 300ml)
2026-02-15 13:19:04: *❯ 2-* Açaí 2 (Marmita 500ml)
2026-02-15 13:19:04: 
2026-02-15 13:19:04: *❯ 0-* Voltar"
2026-02-15 13:19:04: ================================================================================
2026-02-15 13:19:04: 
2026-02-15 13:19:04: 
2026-02-15 13:19:04: ================================================================================
2026-02-15 13:19:04: [15/02/2026, 09:19:04] OPERAÇÃO
2026-02-15 13:19:04: 📞 Telefone: 559870035468
2026-02-15 13:19:04: 👤 Nome: Ana
2026-02-15 13:19:04: 📋 Estado: REVIEW
2026-02-15 13:19:04: ⚙️ Operação: Cliente escolheu editar açaí
2026-02-15 13:19:04: ================================================================================
2026-02-15 13:19:04: 
2026-02-15 13:19:07: [15/02/2026, 09:19:07] ℹ️ INFO: [MSG] De: 559870035468@c.us | Tipo: chat | Mídia: false | Audio: false
2026-02-15 13:19:07: 
2026-02-15 13:19:07: [HORÁRIO CHECK] ============================================
2026-02-15 13:19:07: [HORÁRIO CHECK] Telefone: 559870035468@c.us
2026-02-15 13:19:07: [HORÁRIO CHECK] Tem sessão ativa: SIM
2026-02-15 13:19:07: [HORÁRIO CHECK] Estado atual: REVIEW_EDIT_ACAI
2026-02-15 13:19:07: [HORÁRIO CHECK] É cliente no BD: SIM
2026-02-15 13:19:07: [HORÁRIO CHECK] Mensagem: "0"
2026-02-15 13:19:07: [HORÁRIO CHECK] É modo teste (mensagem): false
2026-02-15 13:19:07: [HORÁRIO CHECK] Sessão em modo teste: SIM
2026-02-15 13:19:07: [HORÁRIO] Servidor: 2026-02-15T12:19:07.332Z | Brasil (America/Fortaleza): 9:19 | Decimal: 9.32 | Aberto: 16-22.5 | Resultado: FECHADO ❌
2026-02-15 13:19:07: [HORÁRIO CHECK] ✅ Horário OK ou modo teste - continuando fluxo
2026-02-15 13:19:07: [HORÁRIO CHECK] ============================================
2026-02-15 13:19:07: 
2026-02-15 13:19:07: 
2026-02-15 13:19:07: ================================================================================
2026-02-15 13:19:07: [15/02/2026, 09:19:07] RECEBIDA
2026-02-15 13:19:07: 📞 Telefone: 559870035468
2026-02-15 13:19:07: 👤 Nome: Ana
2026-02-15 13:19:07: 📋 Estado: REVIEW_EDIT_ACAI
2026-02-15 13:19:07: ⚙️ Operação: Mensagem: "0" | Áudio: false | Mídia: false
2026-02-15 13:19:07: ================================================================================
2026-02-15 13:19:07: 
2026-02-15 13:19:09: [15/02/2026, 09:19:09] ℹ️ INFO: [FUNCIONÁRIO] Para: 559870035468@c.us | Tipo: chat | Msg: "📋 *Resumo do seu pedido*
2026-02-15 13:19:09: 
2026-02-15 13:19:09: *Açaí 1* 🍧
2026-02-15 13:19:09: 📦 Tamanho:..."
2026-02-15 13:19:09: 
2026-02-15 13:19:09: ================================================================================
2026-02-15 13:19:09: [15/02/2026, 09:19:09] FUNCIONÁRIO
2026-02-15 13:19:09: 📞 Telefone: 559870035468
2026-02-15 13:19:09: 👤 Nome: (sem nome)
2026-02-15 13:19:09: 📋 Estado: REVIEW
2026-02-15 13:19:09: ⚙️ Operação: Mensagem: "📋 *Resumo do seu pedido*
2026-02-15 13:19:09: 
2026-02-15 13:19:09: *Açaí 1* 🍧
2026-02-15 13:19:09: 📦 Tamanho: *Marmita 300ml*
2026-02-15 13:19:09: 🍨 Açaí: *Açaí Master*
2026-02-15 13:19:09: 🍦 Gelatos: *Flocos*
2026-02-15 13:19:09: 🍓 Frutas: *Banana*
2026-02-15 13:19:09: 🍫 Complementos: *(não selecionado)*
2026-02-15 13:19:09: 🍯 Caldas: *Mágica ao Leite*
2026-02-15 13:19:09: 
2026-02-15 13:19:09: *Açaí 2* 🍧
2026-02-15 13:19:09: 📦 Tamanho: *Marmita 500ml*
2026-02-15 13:19:09: 🍨 Açaí: *Açaí Master*
2026-02-15 13:19:09: 🍦 Gelatos: *Flocos*
2026-02-15 13:19:09: 🍓 Frutas: *Banana*
2026-02-15 13:19:09: 🍫 Complementos: *Cereja em Calda*
2026-02-15 13:19:09: 🍯 Caldas: *Mágica*
2026-02-15 13:19:09: 
2026-02-15 13:19:09: *Preço base:* 1kg = R$ 70
2026-02-15 13:19:09: 
2026-02-15 13:19:09: O que deseja fazer?
2026-02-15 13:19:09: *❯ 1-* ✅ Confirmar pedido
2026-02-15 13:19:09: *❯ 2-* ✏️ Editar um açaí
2026-02-15 13:19:09: *❯ 3-* 🔄 Alterar meu nome"
2026-02-15 13:19:09: ================================================================================
2026-02-15 13:19:09: 
2026-02-15 13:19:18: [15/02/2026, 09:19:18] ℹ️ INFO: [MSG] De: 559870035468@c.us | Tipo: chat | Mídia: false | Audio: false
2026-02-15 13:19:18: 
2026-02-15 13:19:18: [HORÁRIO CHECK] ============================================
2026-02-15 13:19:18: [HORÁRIO CHECK] Telefone: 559870035468@c.us
2026-02-15 13:19:18: [HORÁRIO CHECK] Tem sessão ativa: SIM
2026-02-15 13:19:18: [HORÁRIO CHECK] Estado atual: REVIEW
2026-02-15 13:19:18: [HORÁRIO CHECK] É cliente no BD: SIM
2026-02-15 13:19:18: [HORÁRIO CHECK] Mensagem: "1"
2026-02-15 13:19:18: [HORÁRIO CHECK] É modo teste (mensagem): false
2026-02-15 13:19:18: [HORÁRIO CHECK] Sessão em modo teste: SIM
2026-02-15 13:19:18: [HORÁRIO] Servidor: 2026-02-15T12:19:18.708Z | Brasil (America/Fortaleza): 9:19 | Decimal: 9.32 | Aberto: 16-22.5 | Resultado: FECHADO ❌
2026-02-15 13:19:18: [HORÁRIO CHECK] ✅ Horário OK ou modo teste - continuando fluxo
2026-02-15 13:19:18: [HORÁRIO CHECK] ============================================
2026-02-15 13:19:18: 
2026-02-15 13:19:18: 
2026-02-15 13:19:18: ================================================================================
2026-02-15 13:19:18: [15/02/2026, 09:19:18] RECEBIDA
2026-02-15 13:19:18: 📞 Telefone: 559870035468
2026-02-15 13:19:18: 👤 Nome: Ana
2026-02-15 13:19:18: 📋 Estado: REVIEW
2026-02-15 13:19:18: ⚙️ Operação: Mensagem: "1" | Áudio: false | Mídia: false
2026-02-15 13:19:18: ================================================================================
2026-02-15 13:19:18: 
2026-02-15 13:19:20: [15/02/2026, 09:19:20] ℹ️ INFO: [FUNCIONÁRIO] Para: 559870035468@c.us | Tipo: chat | Msg: "Antes de confirmarmos o pedido
2026-02-15 13:19:20: Qual será a *forma ..."
2026-02-15 13:19:20: 
2026-02-15 13:19:20: ================================================================================
2026-02-15 13:19:20: [15/02/2026, 09:19:20] FUNCIONÁRIO
2026-02-15 13:19:20: 📞 Telefone: 559870035468
2026-02-15 13:19:20: 👤 Nome: (sem nome)
2026-02-15 13:19:20: 📋 Estado: ESCOLHA_ENTREGA
2026-02-15 13:19:20: ⚙️ Operação: Mensagem: "Antes de confirmarmos o pedido
2026-02-15 13:19:20: Qual será a *forma de entrega?* 🤔
2026-02-15 13:19:20: *❯ 1-* 🏍️ Delivery
2026-02-15 13:19:20: *❯ 2-* 🏪 Retirada no local"
2026-02-15 13:19:20: ================================================================================
2026-02-15 13:19:20: 
2026-02-15 13:19:20: 
2026-02-15 13:19:20: ================================================================================
2026-02-15 13:19:20: [15/02/2026, 09:19:20] OPERAÇÃO
2026-02-15 13:19:20: 📞 Telefone: 559870035468
2026-02-15 13:19:20: 👤 Nome: Ana
2026-02-15 13:19:20: 📋 Estado: REVIEW
2026-02-15 13:19:20: ⚙️ Operação: Pedido confirmado - Indo para escolha de entrega (Prompt 7)
2026-02-15 13:19:20: ================================================================================
2026-02-15 13:19:20: 
2026-02-15 13:19:26: [15/02/2026, 09:19:26] ℹ️ INFO: [MSG] De: 559870035468@c.us | Tipo: chat | Mídia: false | Audio: false
2026-02-15 13:19:26: 
2026-02-15 13:19:26: [HORÁRIO CHECK] ============================================
2026-02-15 13:19:26: [HORÁRIO CHECK] Telefone: 559870035468@c.us
2026-02-15 13:19:26: [HORÁRIO CHECK] Tem sessão ativa: SIM
2026-02-15 13:19:26: [HORÁRIO CHECK] Estado atual: ESCOLHA_ENTREGA
2026-02-15 13:19:26: [HORÁRIO CHECK] É cliente no BD: SIM
2026-02-15 13:19:26: [HORÁRIO CHECK] Mensagem: "2"
2026-02-15 13:19:26: [HORÁRIO CHECK] É modo teste (mensagem): false
2026-02-15 13:19:26: [HORÁRIO CHECK] Sessão em modo teste: SIM
2026-02-15 13:19:26: [HORÁRIO] Servidor: 2026-02-15T12:19:26.203Z | Brasil (America/Fortaleza): 9:19 | Decimal: 9.32 | Aberto: 16-22.5 | Resultado: FECHADO ❌
2026-02-15 13:19:26: [HORÁRIO CHECK] ✅ Horário OK ou modo teste - continuando fluxo
2026-02-15 13:19:26: [HORÁRIO CHECK] ============================================
2026-02-15 13:19:26: 
2026-02-15 13:19:26: 
2026-02-15 13:19:26: ================================================================================
2026-02-15 13:19:26: [15/02/2026, 09:19:26] RECEBIDA
2026-02-15 13:19:26: 📞 Telefone: 559870035468
2026-02-15 13:19:26: 👤 Nome: Ana
2026-02-15 13:19:26: 📋 Estado: ESCOLHA_ENTREGA
2026-02-15 13:19:26: ⚙️ Operação: Mensagem: "2" | Áudio: false | Mídia: false
2026-02-15 13:19:26: ================================================================================
2026-02-15 13:19:26: 
2026-02-15 13:19:26: 💾 BD salvo: 3 clientes
2026-02-15 13:19:26: ✅ Último pedido salvo: 2 itens | Entrega: retirada | Pedidos confirmados: 1 (559870035468@c.us)
2026-02-15 13:19:27: [15/02/2026, 09:19:27] ℹ️ INFO: [FUNCIONÁRIO] Para: 559870035468@c.us | Tipo: chat | Msg: "Pedido recebido *Ana* 😉
2026-02-15 13:19:27: Já estamos montando o seu..."
2026-02-15 13:19:27: 
2026-02-15 13:19:27: ================================================================================
2026-02-15 13:19:27: [15/02/2026, 09:19:27] FUNCIONÁRIO
2026-02-15 13:19:27: 📞 Telefone: 559870035468
2026-02-15 13:19:27: 👤 Nome: (sem nome)
2026-02-15 13:19:27: 📋 Estado: PREPARE
2026-02-15 13:19:27: ⚙️ Operação: Mensagem: "Pedido recebido *Ana* 😉
2026-02-15 13:19:27: Já estamos montando o seu açaí!
2026-02-15 13:19:27: ⏳ Em breve te enviamos a foto com o valor do pedido."
2026-02-15 13:19:27: ================================================================================
2026-02-15 13:19:27: 
2026-02-15 13:19:27: [15/02/2026, 09:19:27] ℹ️ INFO: [PROTEÇÃO] Ignorando mensagem para 559870278100@c.us - contato não iniciou conversa
2026-02-15 13:19:28: 
2026-02-15 13:19:28: ================================================================================
2026-02-15 13:19:28: [15/02/2026, 09:19:28] ENVIADA
2026-02-15 13:19:28: 📞 Telefone: 559870035468
2026-02-15 13:19:28: 👤 Nome: Ana
2026-02-15 13:19:28: 📋 Estado: PREPARE
2026-02-15 13:19:28: ⚙️ Operação: Resumo do pedido enviado para admin (retirada)
2026-02-15 13:19:28: ================================================================================
2026-02-15 13:19:28: 
2026-02-15 13:19:28: 
2026-02-15 13:19:28: ================================================================================
2026-02-15 13:19:28: [15/02/2026, 09:19:28] OPERAÇÃO
2026-02-15 13:19:28: 📞 Telefone: 559870035468
2026-02-15 13:19:28: 👤 Nome: Ana
2026-02-15 13:19:28: 📋 Estado: ESCOLHA_ENTREGA
2026-02-15 13:19:28: ⚙️ Operação: Cliente escolheu: Retirada no local
2026-02-15 13:19:28: ================================================================================
2026-02-15 13:19:28: 
2026-02-15 13:19:42: [15/02/2026, 09:19:42] ℹ️ INFO: [MSG] De: 559870035468@c.us | Tipo: chat | Mídia: false | Audio: false
2026-02-15 13:19:44: [15/02/2026, 09:19:44] ℹ️ INFO: [FUNCIONÁRIO] Para: 559870035468@c.us | Tipo: chat | Msg: "Atendimento encerrado ✅
2026-02-15 13:19:44: Quando quiser pedir novame..."
2026-02-15 13:19:44: [15/02/2026, 09:19:44] ℹ️ INFO: [FUNCIONÁRIO] Mensagem para 559870035468@c.us - Sem sessão ativa
2026-02-15 13:19:44: 
2026-02-15 13:19:44: ================================================================================
2026-02-15 13:19:44: [15/02/2026, 09:19:44] OPERAÇÃO
2026-02-15 13:19:44: 📞 Telefone: 559870035468
2026-02-15 13:19:44: 👤 Nome: Ana
2026-02-15 13:19:44: 📋 Estado: STOPACAI_DURANTE_FLUXO
2026-02-15 13:19:44: ⚙️ Operação: Cliente encerrou durante fluxo - sem aviso ao admin, sem reiniciar
2026-02-15 13:19:44: ================================================================================
2026-02-15 13:19:44: 
2026-02-15 13:19:46: [15/02/2026, 09:19:46] ℹ️ INFO: [MSG] De: 236055932461194@lid | Tipo: chat | Mídia: false | Audio: false
2026-02-15 13:19:48: [15/02/2026, 09:19:48] ℹ️ INFO: [FUNCIONÁRIO] Para: 236055932461194@lid | Tipo: chat | Msg: "Atendimento encerrado ✅
2026-02-15 13:19:48: Quando quiser pedir novame..."
2026-02-15 13:19:48: [15/02/2026, 09:19:48] ℹ️ INFO: [FUNCIONÁRIO] Mensagem para 236055932461194@lid - Sem sessão ativa
2026-02-15 13:19:48: 
2026-02-15 13:19:48: ================================================================================
2026-02-15 13:19:48: [15/02/2026, 09:19:48] OPERAÇÃO
2026-02-15 13:19:48: 📞 Telefone: 236055932461194@lid
2026-02-15 13:19:48: 👤 Nome: Atenir
2026-02-15 13:19:48: 📋 Estado: STOPACAI_DURANTE_FLUXO
2026-02-15 13:19:48: ⚙️ Operação: Cliente encerrou durante fluxo - sem aviso ao admin, sem reiniciar
2026-02-15 13:19:48: ================================================================================
2026-02-15 13:19:48: 
2026-02-15 13:20:48: 
2026-02-15 13:20:48: 🛑 Encerrando bot (SIGINT)...
2026-02-15 13:20:48: 💾 BD salvo: 3 clientes
2026-02-15 13:20:48: 💾 Flush de segurança executado
2026-02-15 13:20:48: ✅ Sessão WhatsApp encerrada com sucesso
2026-02-15 13:22:23: 
2026-02-15 13:22:23: ================================================================================
2026-02-15 13:22:23: 🚀 INICIANDO CHATBOT v2.5.7 (CORREÇÃO CRÍTICA)...
2026-02-15 13:22:23: ================================================================================
2026-02-15 13:22:23: 
2026-02-15 13:22:32: [15/02/2026, 09:22:31] ℹ️ INFO: ✅ Cliente autenticado com sucesso!
2026-02-15 13:22:34: 
2026-02-15 13:22:34: ================================================================================
2026-02-15 13:22:34: 🎉 BOT INICIADO COM SUCESSO! 🎉
2026-02-15 13:22:34: ================================================================================
2026-02-15 13:22:34: 💬 Bot: Espaço Açaí & Gelatos v2.5.7 (CORREÇÃO CRÍTICA)
2026-02-15 13:22:34: ⏰ Horário: 16h - 22h30 (timezone: America/Fortaleza)
2026-02-15 13:22:34: 🔑 Modo teste: Digite "testacai" para testar fora do horário
2026-02-15 13:22:34: 🛑 Parar fluxo: Digite "stopacai" para encerrar atendimento
2026-02-15 13:22:34: 📞 Admin: 5598970278100
2026-02-15 13:22:34: ================================================================================
2026-02-15 13:22:34: 📋 v2.5.7 - CORREÇÃO CRÍTICA:
2026-02-15 13:22:34:    🐛 CORRIGIDO: Crash com mensagens de Canais/Communities
2026-02-15 13:22:34:    ✅ ADICIONADO: Proteção robusta contra getChat() undefined
2026-02-15 13:22:34:    ✅ ADICIONADO: Filtros para @newsletter e @broadcast
2026-02-15 13:22:34: ================================================================================
2026-02-15 13:22:34: 📋 v2.5.5 - Correções anteriores:
2026-02-15 13:22:34:    ✅ REMOVIDO: --single-process (causava ProtocolError)
2026-02-15 13:22:34:    ✅ CORRIGIDO: Timeout infinito para evitar TimeoutError
2026-02-15 13:22:34:    ✅ OTIMIZADO: Flags do Chrome/Chromium
2026-02-15 13:22:34: ================================================================================
2026-02-15 13:22:34: 📋 Funcionalidades mantidas (v2.5.4 e anteriores):
2026-02-15 13:22:34:    E1-E4 | A1-A5 | NF1-NF2 | T1-T8 | I1-I9
2026-02-15 13:22:34:    🏍️ Delivery | 🏪 Retirada | ❓ FAQ (8 perguntas)
2026-02-15 13:22:34:    🕐 Timezone America/Fortaleza | 🚫 Verificação de horário
2026-02-15 13:22:34: ================================================================================
2026-02-15 13:22:34: 👀 Aguardando mensagens...
2026-02-15 13:22:34: ================================================================================
2026-02-15 13:22:34: 
2026-02-15 13:40:21: 
2026-02-15 13:40:21: 🛑 Encerrando bot (SIGINT)...
2026-02-15 13:40:21: 💾 BD salvo: 3 clientes
2026-02-15 13:40:21: 💾 Flush de segurança executado
2026-02-15 13:40:21: ✅ Sessão WhatsApp encerrada com sucesso
2026-02-15 13:54:51: 
2026-02-15 13:54:51: ================================================================================
2026-02-15 13:54:51: 🚀 INICIANDO CHATBOT v2.5.7 (CORREÇÃO CRÍTICA)...
2026-02-15 13:54:51: ================================================================================
2026-02-15 13:54:51: 
2026-02-15 13:55:13: 
2026-02-15 13:55:13: ================================================================================
2026-02-15 13:55:13: 📱 QR CODE GERADO!
2026-02-15 13:55:13: Escaneie o QR Code abaixo com seu WhatsApp:
2026-02-15 13:55:13: ================================================================================
2026-02-15 13:55:13: 
2026-02-15 13:55:13: ▄▄▄▄▄▄▄▄▄▄▄▄▄▄▄▄▄▄▄▄▄▄▄▄▄▄▄▄▄▄▄▄▄▄▄▄▄▄▄▄▄▄▄▄▄▄▄▄▄▄▄▄▄▄▄▄▄▄▄
2026-02-15 13:55:13: █ ▄▄▄▄▄ █▄▀▀▀▄▀▀██▄ ▄▀ █ ▄▄██▀ ▄ ▀███▄▀█▀▄█ ▄█ ▄ ██ ▄▄▄▄▄ █
2026-02-15 13:55:13: █ █   █ █ ▀ █▀ ██▄▀▀▄▄▀█▀  █ █ █ ▄█ ▀ ▄▀▄██ ▀▄▀▄ ██ █   █ █
2026-02-15 13:55:13: █ █▄▄▄█ █▄ ▀▀▄▀▀▀▀█  ▀   █▀ ▄▄▄ █▄▄█▀▄▄▄██▀█▄ ▄▀▄██ █▄▄▄█ █
2026-02-15 13:55:13: █▄▄▄▄▄▄▄█▄▀ █▄█ █▄█▄▀▄█▄▀▄█ █▄█ ▀ ▀ █ █▄█▄▀▄█ █ █ █▄▄▄▄▄▄▄█
2026-02-15 13:55:13: █▄  ▄▀█▄█▄ ▀▄ ██▄█ ██▄ ▄  ▀▄▄    █ ▄▀█ ▄▄▄  ▀▀██▀  █▀ ▄ █ █
2026-02-15 13:55:13: █▀█ ██▀▄█▀▄▄█  ▀▀▀ ██ ▄▄█  █▀█▀ █ ▀  ▀▀▄█  ▄█ █▄ ▄█▀█▄ ▄ ▄█
2026-02-15 13:55:13: █ ██▀ ▀▄▀█ ▀█ ▄  ██▄▀ █▄ █   ██▀▄█▀▄█ █▀▀█▄█▄█ ███  ▀▀▀ █ █
2026-02-15 13:55:13: █▄ ▀ ▀█▄▀█▀██▀█▀█▄▀▀▀██▄  ▀█ ▄▀█ ▀▄▄▀▄█▄█▄▀▀  █▀  █▀█  ▀███
2026-02-15 13:55:13: ███ ▄  ▄▄▀█▄▄█▄▄ ▀█▀██▄▀ ▄▀▀▄▄▀██▄▄▀▄█▀▄ ▀▀▄█   ▀█▄▄▀▀  █▄█
2026-02-15 13:55:13: █ ▀▄ ▄▄▄██▀▀▄▀▀▀███▄▄█▄▀ ▀▀ ▀ ▀▄ ▀▀ █▀█▄▀▄ █▄   ▀  ▀▄ ██ ██
2026-02-15 13:55:13: █ ▀▄▄▄ ▄▀ ▄▄█  ██ ████▄ ▀█  ▄▄  ▀▀▄█▄▀ ▄  ▀ ▀▀█▄▄ ▀█ ▄█▀▀▀█
2026-02-15 13:55:13: █  ▀█ █▄█ █▀  ██▀▄▄▀ ▄ █  █▀▄▀█▄ █ █▄▀▄█▀█▄▄█▀▀▀▀▀▀▀▀  ▄█ █
2026-02-15 13:55:13: ██▀▄██ ▄█▄▄▄ ▀ █ ▄▄▄█ █████▀▀██▄▄▄▄█ ▄  ▄▀████▄█ █▀▀██ █  █
2026-02-15 13:55:13: █▀█▀▀ ▄▄▄  ██ █  █▄▄▀▀█▄▀▀  ▄▄▄ ▀  ██▄█▄▄▀ █ ▀ █  ▄▄▄ ▀▀▀▀█
2026-02-15 13:55:13: █ ▄▀▀ █▄█ ▄▄██▄   █▄▄▄▀▀▀▄█ █▄█     ▀█▄▄▀▀▀█▄ ▄▀█ █▄█  ▄█▀█
2026-02-15 13:55:13: █▀▄▀ ▄ ▄    ▄▄ ▄████  ▀█  █ ▄     ▀ ▀▀██▄▄▀▀▄██ █ ▄▄▄▄▄▄▀██
2026-02-15 13:55:13: ██ ▀ ▄▀▄▀▄█ ██ ▄▄▄ █ ▄█ ▀ █▄▄▄▀▀█▀ ▄ ▀▀▄ ▄▀▀▀▀█▄█▄█▀█▄▀ ▄▄█
2026-02-15 13:55:13: █▀ ▄▄ ▄▄████  █▀▄▀    █▀▀▄▄█ ▄ █▀██    █▀▄▀  █▀   ▄    █ ▄█
2026-02-15 13:55:13: █▄ ▀▀▀▄▄▀▄▀▀▄▀█ ██▄ ▀██▀ ▄█▀███▄▄▀ ▄  ▄▀█▀▄█▄▀ █▀ ▄█▀▄▄█▄██
2026-02-15 13:55:13: ██▄  ▄▄▄██▄▀▀█▄█ ▄▄█  ▀█▄▀█  ▄▄▀▀█▀█▀▄▀▄ ▄ ▀▀█▀█▄██▀█▀ ▀█▄█
2026-02-15 13:55:13: █▀▄▄ ▄█▄▄█▀▄█ ▄█▀ ██ █ ▀█▄▀ ▀▀ ▀█▄▄▀██▄█ ▀ █▄   ▄ ▄ ▀▀▀▄▀ █
2026-02-15 13:55:13: ██▄  ▄█▄ ▄ ▄██▄ ▀██▄ ██ ██▀██▀  ██ █▀ ▀██ ▄█▀▄███ ▄█▀█ █▄██
2026-02-15 13:55:13: █▀▄  ▀▄▄  ▀ ███▀█▄▀▀▀▄ █▀▀██▄████▀▄█▄▀ ▄▄▄ ▀▄██▄▀▀▀▄▄█▀ ▄██
2026-02-15 13:55:13: █ ▀ ▀▀▄▄▀▀▄▄█▀▀▄██ ▄▄▀█ █▀▀▀ ▀█▀ ▀▀█▄▄ ▄ █▄█  ▀█▄▀  ▄▀▀█▄▄█
2026-02-15 13:55:13: ███████▄▄ ▄ ██▀▀ ▄▄▄▄ █▀█▄▀ ▄▄▄  █ █ ▄ ▀██▀█▀▀███ ▄▄▄  █ ▄█
2026-02-15 13:55:13: █ ▄▄▄▄▄ ██   ▄▀▀ ██▀  ▄▀▄██ █▄█ ▀▄████▀█▄    █ █  █▄█ █▀█▀█
2026-02-15 13:55:13: █ █   █ █▀▀▀ ▀▀▀▀█▀█ ▄▄█ ▀  ▄▄  ▄▄ ▀█▀▄▄█▀▀█▄ █ ▄  ▄ ▄█  ▄█
2026-02-15 13:55:13: █ █▄▄▄█ █   ██    ▀█▄▀▄▄█▀█ ███▀█   ▄ █ ▄▄▀▀▄▄▀▄    ▀▀▄▄█▀█
2026-02-15 13:55:13: █▄▄▄▄▄▄▄█▄▄▄▄█▄█▄█▄█▄█▄▄▄▄██▄████▄██▄███▄▄██▄█▄████████████
2026-02-15 13:55:13: 
2026-02-15 13:55:13: 
2026-02-15 13:55:13: ================================================================================
2026-02-15 13:55:13: 👉 Abra o WhatsApp no celular
2026-02-15 13:55:13: 👉 Vá em Menu > Aparelhos conectados
2026-02-15 13:55:13: 👉 Conectar um aparelho
2026-02-15 13:55:13: 👉 Escaneie o código acima
2026-02-15 13:55:13: ================================================================================
2026-02-15 13:55:13: 
2026-02-15 13:55:41: [15/02/2026, 09:55:41] ℹ️ INFO: ✅ Cliente autenticado com sucesso!
2026-02-15 13:55:41: [15/02/2026, 09:55:41] ℹ️ INFO: ✅ Cliente autenticado com sucesso!
2026-02-15 13:55:45: 
2026-02-15 13:55:45: ================================================================================
2026-02-15 13:55:45: 🎉 BOT INICIADO COM SUCESSO! 🎉
2026-02-15 13:55:45: ================================================================================
2026-02-15 13:55:45: 💬 Bot: Espaço Açaí & Gelatos v2.5.7 (CORREÇÃO CRÍTICA)
2026-02-15 13:55:45: ⏰ Horário: 16h - 22h30 (timezone: America/Fortaleza)
2026-02-15 13:55:45: 🔑 Modo teste: Digite "testacai" para testar fora do horário
2026-02-15 13:55:45: 🛑 Parar fluxo: Digite "stopacai" para encerrar atendimento
2026-02-15 13:55:45: 📞 Admin: 5598970278100
2026-02-15 13:55:45: ================================================================================
2026-02-15 13:55:45: 📋 v2.5.7 - CORREÇÃO CRÍTICA:
2026-02-15 13:55:45:    🐛 CORRIGIDO: Crash com mensagens de Canais/Communities
2026-02-15 13:55:45:    ✅ ADICIONADO: Proteção robusta contra getChat() undefined
2026-02-15 13:55:45:    ✅ ADICIONADO: Filtros para @newsletter e @broadcast
2026-02-15 13:55:45: ================================================================================
2026-02-15 13:55:45: 📋 v2.5.5 - Correções anteriores:
2026-02-15 13:55:45:    ✅ REMOVIDO: --single-process (causava ProtocolError)
2026-02-15 13:55:45:    ✅ CORRIGIDO: Timeout infinito para evitar TimeoutError
2026-02-15 13:55:45:    ✅ OTIMIZADO: Flags do Chrome/Chromium
2026-02-15 13:55:45: ================================================================================
2026-02-15 13:55:45: 📋 Funcionalidades mantidas (v2.5.4 e anteriores):
2026-02-15 13:55:45:    E1-E4 | A1-A5 | NF1-NF2 | T1-T8 | I1-I9
2026-02-15 13:55:45:    🏍️ Delivery | 🏪 Retirada | ❓ FAQ (8 perguntas)
2026-02-15 13:55:45:    🕐 Timezone America/Fortaleza | 🚫 Verificação de horário
2026-02-15 13:55:45: ================================================================================
2026-02-15 13:55:45: 👀 Aguardando mensagens...
2026-02-15 13:55:45: ================================================================================
2026-02-15 13:55:45: 
2026-02-15 13:56:51: [15/02/2026, 09:56:51] ℹ️ INFO: [MSG] De: 559870035468@c.us | Tipo: chat | Mídia: false | Audio: false
2026-02-15 13:56:51: 
2026-02-15 13:56:51: [HORÁRIO CHECK] ============================================
2026-02-15 13:56:51: [HORÁRIO CHECK] Telefone: 559870035468@c.us
2026-02-15 13:56:51: [HORÁRIO CHECK] Tem sessão ativa: NÃO
2026-02-15 13:56:51: [HORÁRIO CHECK] Estado atual: NENHUM
2026-02-15 13:56:51: [HORÁRIO CHECK] É cliente no BD: SIM
2026-02-15 13:56:51: [HORÁRIO CHECK] Mensagem: "Oi"
2026-02-15 13:56:51: [HORÁRIO CHECK] É modo teste (mensagem): false
2026-02-15 13:56:51: [HORÁRIO CHECK] Sessão em modo teste: NÃO
2026-02-15 13:56:51: [HORÁRIO] Servidor: 2026-02-15T12:56:51.263Z | Brasil (America/Fortaleza): 9:56 | Decimal: 9.93 | Aberto: 9-22.5 | Resultado: ABERTO ✅
2026-02-15 13:56:51: [HORÁRIO CHECK] ✅ Horário OK ou modo teste - continuando fluxo
2026-02-15 13:56:51: [HORÁRIO CHECK] ============================================
2026-02-15 13:56:51: 
2026-02-15 13:56:51: 
2026-02-15 13:56:51: ================================================================================
2026-02-15 13:56:51: [15/02/2026, 09:56:51] RECEBIDA
2026-02-15 13:56:51: 📞 Telefone: 559870035468
2026-02-15 13:56:51: 👤 Nome: Ana
2026-02-15 13:56:51: 📋 Estado: SEM_ESTADO
2026-02-15 13:56:51: ⚙️ Operação: Mensagem: "Oi" | Áudio: false | Mídia: false
2026-02-15 13:56:51: ================================================================================
2026-02-15 13:56:51: 
2026-02-15 13:56:51: [DB] temPedidoAnterior(559870035468@c.us): true - pedido válido com 2 itens
2026-02-15 13:56:51: 
2026-02-15 13:56:51: =================================================================
2026-02-15 13:56:51: [RECONHECIMENTO] 🔍 Verificando tipo de cliente no BD
2026-02-15 13:56:51: [RECONHECIMENTO] Telefone: 559870035468@c.us
2026-02-15 13:56:51: [RECONHECIMENTO] ----------------------------------------
2026-02-15 13:56:51: [RECONHECIMENTO] ✅ CLIENTE ENCONTRADO NO BD!
2026-02-15 13:56:51: [RECONHECIMENTO] -> primeiro_nome: "Ana"
2026-02-15 13:56:51: [RECONHECIMENTO] -> nome_completo: "Ana Maria"
2026-02-15 13:56:51: [RECONHECIMENTO] -> endereco: "(vazio)"
2026-02-15 13:56:51: [RECONHECIMENTO] -> ultimo_pedido: TEM PEDIDO ✅
2026-02-15 13:56:51: [RECONHECIMENTO] -> pedidos_confirmados: 1
2026-02-15 13:56:51: [RECONHECIMENTO] -> ultimo_pedido.data: 2026-02-15T12:19:26.205Z
2026-02-15 13:56:51: [RECONHECIMENTO] -> ultimo_pedido.carrinho: 2 itens
2026-02-15 13:56:51: [RECONHECIMENTO] ----------------------------------------
2026-02-15 13:56:51: [RECONHECIMENTO] isClienteAntigo(): true
2026-02-15 13:56:51: [RECONHECIMENTO] temPedidoAnterior(): true
2026-02-15 13:56:51: [RECONHECIMENTO] ----------------------------------------
2026-02-15 13:56:51: [RECONHECIMENTO] temNome: true
2026-02-15 13:56:51: [RECONHECIMENTO] CONDIÇÃO 1 (Cliente com nome + pedido): true ← APLICÁVEL
2026-02-15 13:56:51: [RECONHECIMENTO] CONDIÇÃO 2 (3ª VIA - nome sem pedido): false 
2026-02-15 13:56:51: [RECONHECIMENTO] CONDIÇÃO 3 (Cliente novo): false 
2026-02-15 13:56:51: =================================================================
2026-02-15 13:56:51: 
2026-02-15 13:56:51: [FLUXO] >>> Entrando na VIA 1: Cliente antigo com pedido
2026-02-15 13:56:53: [15/02/2026, 09:56:53] ℹ️ INFO: [FUNCIONÁRIO] Para: 559870035468@c.us | Tipo: chat | Msg: "Olá, *Boa tarde Ana!* 😍🍧
2026-02-15 13:56:53: Que bom ver você de vol..."
2026-02-15 13:56:53: 
2026-02-15 13:56:53: ================================================================================
2026-02-15 13:56:53: [15/02/2026, 09:56:53] FUNCIONÁRIO
2026-02-15 13:56:53: 📞 Telefone: 559870035468
2026-02-15 13:56:53: 👤 Nome: (sem nome)
2026-02-15 13:56:53: 📋 Estado: RETURNING_CUSTOMER_MENU
2026-02-15 13:56:53: ⚙️ Operação: Mensagem: "Olá, *Boa tarde Ana!* 😍🍧
2026-02-15 13:56:53: Que bom ver você de volta no *Espaço Açaí & Gelatos* 💜
2026-02-15 13:56:53: *❯ 1-* 🔁 Repetir meu último pedido
2026-02-15 13:56:53: *❯ 2-* 📝 Montar meu pedido"
2026-02-15 13:56:53: ================================================================================
2026-02-15 13:56:53: 
2026-02-15 13:56:53: 
2026-02-15 13:56:53: ================================================================================
2026-02-15 13:56:53: [15/02/2026, 09:56:53] ENVIADA
2026-02-15 13:56:53: 📞 Telefone: 559870035468@c.us
2026-02-15 13:56:53: 👤 Nome: Ana
2026-02-15 13:56:53: 📋 Estado: RETURNING_CUSTOMER_MENU
2026-02-15 13:56:53: ⚙️ Operação: Enviado menu para cliente retornante (E3 - cliente antigo)
2026-02-15 13:56:53: ================================================================================
2026-02-15 13:56:53: 
2026-02-15 13:56:53: 
2026-02-15 13:56:53: ================================================================================
2026-02-15 13:56:53: [15/02/2026, 09:56:53] ENVIADA
2026-02-15 13:56:53: 📞 Telefone: 559870035468
2026-02-15 13:56:53: 👤 Nome: Ana
2026-02-15 13:56:53: 📋 Estado: VIA_1_CLIENTE_ANTIGO
2026-02-15 13:56:53: ⚙️ Operação: Menu de repetir/montar enviado
2026-02-15 13:56:53: ================================================================================
2026-02-15 13:56:53: 
2026-02-15 13:57:02: [15/02/2026, 09:57:02] ℹ️ INFO: [MSG] De: 559870035468@c.us | Tipo: chat | Mídia: false | Audio: false
2026-02-15 13:57:02: 
2026-02-15 13:57:02: [HORÁRIO CHECK] ============================================
2026-02-15 13:57:02: [HORÁRIO CHECK] Telefone: 559870035468@c.us
2026-02-15 13:57:02: [HORÁRIO CHECK] Tem sessão ativa: SIM
2026-02-15 13:57:02: [HORÁRIO CHECK] Estado atual: RETURNING_CUSTOMER_MENU
2026-02-15 13:57:02: [HORÁRIO CHECK] É cliente no BD: SIM
2026-02-15 13:57:02: [HORÁRIO CHECK] Mensagem: "1"
2026-02-15 13:57:02: [HORÁRIO CHECK] É modo teste (mensagem): false
2026-02-15 13:57:02: [HORÁRIO CHECK] Sessão em modo teste: NÃO
2026-02-15 13:57:02: [HORÁRIO] Servidor: 2026-02-15T12:57:02.328Z | Brasil (America/Fortaleza): 9:57 | Decimal: 9.95 | Aberto: 9-22.5 | Resultado: ABERTO ✅
2026-02-15 13:57:02: [HORÁRIO CHECK] ✅ Horário OK ou modo teste - continuando fluxo
2026-02-15 13:57:02: [HORÁRIO CHECK] ============================================
2026-02-15 13:57:02: 
2026-02-15 13:57:02: 
2026-02-15 13:57:02: ================================================================================
2026-02-15 13:57:02: [15/02/2026, 09:57:02] RECEBIDA
2026-02-15 13:57:02: 📞 Telefone: 559870035468
2026-02-15 13:57:02: 👤 Nome: Ana
2026-02-15 13:57:02: 📋 Estado: RETURNING_CUSTOMER_MENU
2026-02-15 13:57:02: ⚙️ Operação: Mensagem: "1" | Áudio: false | Mídia: false
2026-02-15 13:57:02: ================================================================================
2026-02-15 13:57:02: 
2026-02-15 13:57:04: [15/02/2026, 09:57:04] ℹ️ INFO: [FUNCIONÁRIO] Para: 559870035468@c.us | Tipo: chat | Msg: "Perfeito! Vou repetir seu último pedido. 🔁..."
2026-02-15 13:57:04: 
2026-02-15 13:57:04: ================================================================================
2026-02-15 13:57:04: [15/02/2026, 09:57:04] FUNCIONÁRIO
2026-02-15 13:57:04: 📞 Telefone: 559870035468
2026-02-15 13:57:04: 👤 Nome: (sem nome)
2026-02-15 13:57:04: 📋 Estado: REVIEW
2026-02-15 13:57:04: ⚙️ Operação: Mensagem: "Perfeito! Vou repetir seu último pedido. 🔁"
2026-02-15 13:57:04: ================================================================================
2026-02-15 13:57:04: 
2026-02-15 13:57:06: [15/02/2026, 09:57:06] ℹ️ INFO: [FUNCIONÁRIO] Para: 559870035468@c.us | Tipo: chat | Msg: "📋 *Resumo do seu pedido*
2026-02-15 13:57:06: 
2026-02-15 13:57:06: *Açaí 1* 🍧
2026-02-15 13:57:06: 📦 Tamanho:..."
2026-02-15 13:57:06: 
2026-02-15 13:57:06: ================================================================================
2026-02-15 13:57:06: [15/02/2026, 09:57:06] FUNCIONÁRIO
2026-02-15 13:57:06: 📞 Telefone: 559870035468
2026-02-15 13:57:06: 👤 Nome: (sem nome)
2026-02-15 13:57:06: 📋 Estado: REVIEW
2026-02-15 13:57:06: ⚙️ Operação: Mensagem: "📋 *Resumo do seu pedido*
2026-02-15 13:57:06: 
2026-02-15 13:57:06: *Açaí 1* 🍧
2026-02-15 13:57:06: 📦 Tamanho: *Marmita 300ml*
2026-02-15 13:57:06: 🍨 Açaí: *Açaí Master*
2026-02-15 13:57:06: 🍦 Gelatos: *Flocos*
2026-02-15 13:57:06: 🍓 Frutas: *Banana*
2026-02-15 13:57:06: 🍫 Complementos: *(não selecionado)*
2026-02-15 13:57:06: 🍯 Caldas: *Mágica ao Leite*
2026-02-15 13:57:06: 
2026-02-15 13:57:06: *Açaí 2* 🍧
2026-02-15 13:57:06: 📦 Tamanho: *Marmita 500ml*
2026-02-15 13:57:06: 🍨 Açaí: *Açaí Master*
2026-02-15 13:57:06: 🍦 Gelatos: *Flocos*
2026-02-15 13:57:06: 🍓 Frutas: *Banana*
2026-02-15 13:57:06: 🍫 Complementos: *Cereja em Calda*
2026-02-15 13:57:06: 🍯 Caldas: *Mágica*
2026-02-15 13:57:06: 
2026-02-15 13:57:06: *Preço base:* 1kg = R$ 70
2026-02-15 13:57:06: 
2026-02-15 13:57:06: O que deseja fazer?
2026-02-15 13:57:06: *❯ 1-* ✅ Confirmar pedido
2026-02-15 13:57:06: *❯ 2-* ✏️ Editar um açaí
2026-02-15 13:57:06: *❯ 3-* 🔄 Alterar meu nome"
2026-02-15 13:57:06: ================================================================================
2026-02-15 13:57:06: 
2026-02-15 13:57:06: 
2026-02-15 13:57:06: ================================================================================
2026-02-15 13:57:06: [15/02/2026, 09:57:06] OPERAÇÃO
2026-02-15 13:57:06: 📞 Telefone: 559870035468
2026-02-15 13:57:06: 👤 Nome: Ana
2026-02-15 13:57:06: 📋 Estado: RETURNING_CUSTOMER_MENU
2026-02-15 13:57:06: ⚙️ Operação: Cliente repetiu último pedido
2026-02-15 13:57:06: ================================================================================
2026-02-15 13:57:06: 
2026-02-15 13:59:03: [15/02/2026, 09:59:03] ℹ️ INFO: [MSG] De: 559870035468@c.us | Tipo: chat | Mídia: false | Audio: false
2026-02-15 13:59:03: 
2026-02-15 13:59:03: [HORÁRIO CHECK] ============================================
2026-02-15 13:59:03: [HORÁRIO CHECK] Telefone: 559870035468@c.us
2026-02-15 13:59:03: [HORÁRIO CHECK] Tem sessão ativa: SIM
2026-02-15 13:59:03: [HORÁRIO CHECK] Estado atual: REVIEW
2026-02-15 13:59:03: [HORÁRIO CHECK] É cliente no BD: SIM
2026-02-15 13:59:03: [HORÁRIO CHECK] Mensagem: "1"
2026-02-15 13:59:03: [HORÁRIO CHECK] É modo teste (mensagem): false
2026-02-15 13:59:03: [HORÁRIO CHECK] Sessão em modo teste: NÃO
2026-02-15 13:59:03: [HORÁRIO] Servidor: 2026-02-15T12:59:03.914Z | Brasil (America/Fortaleza): 9:59 | Decimal: 9.98 | Aberto: 9-22.5 | Resultado: ABERTO ✅
2026-02-15 13:59:03: [HORÁRIO CHECK] ✅ Horário OK ou modo teste - continuando fluxo
2026-02-15 13:59:03: [HORÁRIO CHECK] ============================================
2026-02-15 13:59:03: 
2026-02-15 13:59:03: 
2026-02-15 13:59:03: ================================================================================
2026-02-15 13:59:03: [15/02/2026, 09:59:03] RECEBIDA
2026-02-15 13:59:03: 📞 Telefone: 559870035468
2026-02-15 13:59:03: 👤 Nome: Ana
2026-02-15 13:59:03: 📋 Estado: REVIEW
2026-02-15 13:59:03: ⚙️ Operação: Mensagem: "1" | Áudio: false | Mídia: false
2026-02-15 13:59:03: ================================================================================
2026-02-15 13:59:03: 
2026-02-15 13:59:05: [15/02/2026, 09:59:05] ℹ️ INFO: [FUNCIONÁRIO] Para: 559870035468@c.us | Tipo: chat | Msg: "Antes de confirmarmos o pedido
2026-02-15 13:59:05: Qual será a *forma ..."
2026-02-15 13:59:05: 
2026-02-15 13:59:05: ================================================================================
2026-02-15 13:59:05: [15/02/2026, 09:59:05] FUNCIONÁRIO
2026-02-15 13:59:05: 📞 Telefone: 559870035468
2026-02-15 13:59:05: 👤 Nome: (sem nome)
2026-02-15 13:59:05: 📋 Estado: ESCOLHA_ENTREGA
2026-02-15 13:59:05: ⚙️ Operação: Mensagem: "Antes de confirmarmos o pedido
2026-02-15 13:59:05: Qual será a *forma de entrega?* 🤔
2026-02-15 13:59:05: *❯ 1-* 🏍️ Delivery
2026-02-15 13:59:05: *❯ 2-* 🏪 Retirada no local"
2026-02-15 13:59:05: ================================================================================
2026-02-15 13:59:05: 
2026-02-15 13:59:05: 
2026-02-15 13:59:05: ================================================================================
2026-02-15 13:59:05: [15/02/2026, 09:59:05] OPERAÇÃO
2026-02-15 13:59:05: 📞 Telefone: 559870035468
2026-02-15 13:59:05: 👤 Nome: Ana
2026-02-15 13:59:05: 📋 Estado: REVIEW
2026-02-15 13:59:05: ⚙️ Operação: Pedido confirmado - Indo para escolha de entrega (Prompt 7)
2026-02-15 13:59:05: ================================================================================
2026-02-15 13:59:05: 
2026-02-15 13:59:09: [15/02/2026, 09:59:09] ℹ️ INFO: [MSG] De: 559870035468@c.us | Tipo: chat | Mídia: false | Audio: false
2026-02-15 13:59:09: 
2026-02-15 13:59:09: [HORÁRIO CHECK] ============================================
2026-02-15 13:59:09: [HORÁRIO CHECK] Telefone: 559870035468@c.us
2026-02-15 13:59:09: [HORÁRIO CHECK] Tem sessão ativa: SIM
2026-02-15 13:59:09: [HORÁRIO CHECK] Estado atual: ESCOLHA_ENTREGA
2026-02-15 13:59:09: [HORÁRIO CHECK] É cliente no BD: SIM
2026-02-15 13:59:09: [HORÁRIO CHECK] Mensagem: "2"
2026-02-15 13:59:09: [HORÁRIO CHECK] É modo teste (mensagem): false
2026-02-15 13:59:09: [HORÁRIO CHECK] Sessão em modo teste: NÃO
2026-02-15 13:59:09: [HORÁRIO] Servidor: 2026-02-15T12:59:09.786Z | Brasil (America/Fortaleza): 9:59 | Decimal: 9.98 | Aberto: 9-22.5 | Resultado: ABERTO ✅
2026-02-15 13:59:09: [HORÁRIO CHECK] ✅ Horário OK ou modo teste - continuando fluxo
2026-02-15 13:59:09: [HORÁRIO CHECK] ============================================
2026-02-15 13:59:09: 
2026-02-15 13:59:09: 
2026-02-15 13:59:09: ================================================================================
2026-02-15 13:59:09: [15/02/2026, 09:59:09] RECEBIDA
2026-02-15 13:59:09: 📞 Telefone: 559870035468
2026-02-15 13:59:09: 👤 Nome: Ana
2026-02-15 13:59:09: 📋 Estado: ESCOLHA_ENTREGA
2026-02-15 13:59:09: ⚙️ Operação: Mensagem: "2" | Áudio: false | Mídia: false
2026-02-15 13:59:09: ================================================================================
2026-02-15 13:59:09: 
2026-02-15 13:59:09: 💾 BD salvo: 3 clientes
2026-02-15 13:59:09: ✅ Último pedido salvo: 2 itens | Entrega: retirada | Pedidos confirmados: 2 (559870035468@c.us)
2026-02-15 13:59:11: [15/02/2026, 09:59:11] ℹ️ INFO: [FUNCIONÁRIO] Para: 559870035468@c.us | Tipo: chat | Msg: "Pedido recebido *Ana* 😉
2026-02-15 13:59:11: Já estamos montando o seu..."
2026-02-15 13:59:11: 
2026-02-15 13:59:11: ================================================================================
2026-02-15 13:59:11: [15/02/2026, 09:59:11] FUNCIONÁRIO
2026-02-15 13:59:11: 📞 Telefone: 559870035468
2026-02-15 13:59:11: 👤 Nome: (sem nome)
2026-02-15 13:59:11: 📋 Estado: PREPARE
2026-02-15 13:59:11: ⚙️ Operação: Mensagem: "Pedido recebido *Ana* 😉
2026-02-15 13:59:11: Já estamos montando o seu açaí!
2026-02-15 13:59:11: ⏳ Em breve te enviamos a foto com o valor do pedido."
2026-02-15 13:59:11: ================================================================================
2026-02-15 13:59:11: 
2026-02-15 13:59:11: [15/02/2026, 09:59:11] ℹ️ INFO: [PROTEÇÃO] Ignorando mensagem para 559870278100@c.us - contato não iniciou conversa
2026-02-15 13:59:11: 
2026-02-15 13:59:11: ================================================================================
2026-02-15 13:59:11: [15/02/2026, 09:59:11] ENVIADA
2026-02-15 13:59:11: 📞 Telefone: 559870035468
2026-02-15 13:59:11: 👤 Nome: Ana
2026-02-15 13:59:11: 📋 Estado: PREPARE
2026-02-15 13:59:11: ⚙️ Operação: Resumo do pedido enviado para admin (retirada)
2026-02-15 13:59:11: ================================================================================
2026-02-15 13:59:11: 
2026-02-15 13:59:11: 
2026-02-15 13:59:11: ================================================================================
2026-02-15 13:59:11: [15/02/2026, 09:59:11] OPERAÇÃO
2026-02-15 13:59:11: 📞 Telefone: 559870035468
2026-02-15 13:59:11: 👤 Nome: Ana
2026-02-15 13:59:11: 📋 Estado: ESCOLHA_ENTREGA
2026-02-15 13:59:11: ⚙️ Operação: Cliente escolheu: Retirada no local
2026-02-15 13:59:11: ================================================================================
2026-02-15 13:59:11: 
2026-02-15 13:59:24: [15/02/2026, 09:59:24] ℹ️ INFO: [FUNCIONÁRIO] Para: 559870035468@c.us | Tipo: chat | Msg: "Prontinho ✅🍧
2026-02-15 13:59:24: Valor do pedido: R$ 45..."
2026-02-15 13:59:24: 
2026-02-15 13:59:24: ================================================================================
2026-02-15 13:59:24: [15/02/2026, 09:59:24] FUNCIONÁRIO
2026-02-15 13:59:24: 📞 Telefone: 559870035468
2026-02-15 13:59:24: 👤 Nome: (sem nome)
2026-02-15 13:59:24: 📋 Estado: ESPERA_PREPARO
2026-02-15 13:59:24: ⚙️ Operação: Mensagem: "Prontinho ✅🍧
2026-02-15 13:59:24: Valor do pedido: R$ 45"
2026-02-15 13:59:24: ================================================================================
2026-02-15 13:59:24: 
2026-02-15 13:59:24: [15/02/2026, 09:59:24] ℹ️ INFO: [FUNCIONÁRIO] Valor recebido do funcionário: R$ 45
2026-02-15 13:59:27: [15/02/2026, 09:59:27] ℹ️ INFO: [FUNCIONÁRIO] Para: 559870035468@c.us | Tipo: chat | Msg: "Qual será a *forma de pagamento?* 🤔
2026-02-15 13:59:27: *❯ 1-* Pix   ..."
2026-02-15 13:59:27: 
2026-02-15 13:59:27: ================================================================================
2026-02-15 13:59:27: [15/02/2026, 09:59:27] FUNCIONÁRIO
2026-02-15 13:59:27: 📞 Telefone: 559870035468
2026-02-15 13:59:27: 👤 Nome: (sem nome)
2026-02-15 13:59:27: 📋 Estado: PAGAMENTO
2026-02-15 13:59:27: ⚙️ Operação: Mensagem: "Qual será a *forma de pagamento?* 🤔
2026-02-15 13:59:27: *❯ 1-* Pix   *2-* Dinheiro   *3-* Cartão
2026-02-15 13:59:27: *❯ 4-* Na retirada"
2026-02-15 13:59:27: ================================================================================
2026-02-15 13:59:27: 
2026-02-15 13:59:27: 
2026-02-15 13:59:27: ================================================================================
2026-02-15 13:59:27: [15/02/2026, 09:59:27] ENVIADA
2026-02-15 13:59:27: 📞 Telefone: 559870035468
2026-02-15 13:59:27: 👤 Nome: Ana
2026-02-15 13:59:27: 📋 Estado: PAGAMENTO
2026-02-15 13:59:27: ⚙️ Operação: Enviadas opções de pagamento (retirada) - Timer A5 iniciado
2026-02-15 13:59:27: ================================================================================
2026-02-15 13:59:27: 
2026-02-15 13:59:30: [15/02/2026, 09:59:30] ℹ️ INFO: [MSG] De: 559870035468@c.us | Tipo: chat | Mídia: false | Audio: false
2026-02-15 13:59:30: 
2026-02-15 13:59:30: [HORÁRIO CHECK] ============================================
2026-02-15 13:59:30: [HORÁRIO CHECK] Telefone: 559870035468@c.us
2026-02-15 13:59:30: [HORÁRIO CHECK] Tem sessão ativa: SIM
2026-02-15 13:59:30: [HORÁRIO CHECK] Estado atual: PAGAMENTO
2026-02-15 13:59:30: [HORÁRIO CHECK] É cliente no BD: SIM
2026-02-15 13:59:30: [HORÁRIO CHECK] Mensagem: "4"
2026-02-15 13:59:30: [HORÁRIO CHECK] É modo teste (mensagem): false
2026-02-15 13:59:30: [HORÁRIO CHECK] Sessão em modo teste: NÃO
2026-02-15 13:59:30: [HORÁRIO] Servidor: 2026-02-15T12:59:30.637Z | Brasil (America/Fortaleza): 9:59 | Decimal: 9.98 | Aberto: 9-22.5 | Resultado: ABERTO ✅
2026-02-15 13:59:30: [HORÁRIO CHECK] ✅ Horário OK ou modo teste - continuando fluxo
2026-02-15 13:59:30: [HORÁRIO CHECK] ============================================
2026-02-15 13:59:30: 
2026-02-15 13:59:30: 
2026-02-15 13:59:30: ================================================================================
2026-02-15 13:59:30: [15/02/2026, 09:59:30] RECEBIDA
2026-02-15 13:59:30: 📞 Telefone: 559870035468
2026-02-15 13:59:30: 👤 Nome: Ana
2026-02-15 13:59:30: 📋 Estado: PAGAMENTO
2026-02-15 13:59:30: ⚙️ Operação: Mensagem: "4" | Áudio: false | Mídia: false
2026-02-15 13:59:30: ================================================================================
2026-02-15 13:59:30: 
2026-02-15 13:59:32: [15/02/2026, 09:59:32] ℹ️ INFO: [FUNCIONÁRIO] Para: 559870035468@c.us | Tipo: chat | Msg: "Perfeito! 🎉
2026-02-15 13:59:32: Estamos te aguardando 😉
2026-02-15 13:59:32: 📍 *Nosso en..."
2026-02-15 13:59:32: 
2026-02-15 13:59:32: ================================================================================
2026-02-15 13:59:32: [15/02/2026, 09:59:32] FUNCIONÁRIO
2026-02-15 13:59:32: 📞 Telefone: 559870035468
2026-02-15 13:59:32: 👤 Nome: (sem nome)
2026-02-15 13:59:32: 📋 Estado: AGUARDANDO_RETIRADA
2026-02-15 13:59:32: ⚙️ Operação: Mensagem: "Perfeito! 🎉
2026-02-15 13:59:32: Estamos te aguardando 😉
2026-02-15 13:59:32: 📍 *Nosso endereço:*
2026-02-15 13:59:32: Avenida Sabino Câmara – Posto IC, Brejo-MA"
2026-02-15 13:59:32: ================================================================================
2026-02-15 13:59:32: 
2026-02-15 13:59:35: [15/02/2026, 09:59:35] ℹ️ INFO: [FUNCIONÁRIO] Para: 559870035468@c.us | Tipo: chat | Msg: "Agradecemos seu pedido, *Ana!* 💜
2026-02-15 13:59:35: Foi um prazer at..."
2026-02-15 13:59:35: 
2026-02-15 13:59:35: ================================================================================
2026-02-15 13:59:35: [15/02/2026, 09:59:35] FUNCIONÁRIO
2026-02-15 13:59:35: 📞 Telefone: 559870035468
2026-02-15 13:59:35: 👤 Nome: (sem nome)
2026-02-15 13:59:35: 📋 Estado: AGUARDANDO_RETIRADA
2026-02-15 13:59:35: ⚙️ Operação: Mensagem: "Agradecemos seu pedido, *Ana!* 💜
2026-02-15 13:59:35: Foi um prazer atender você novamente no *Espaço Açaí & Gelatos* 🍧
2026-02-15 13:59:35: Esperamos que aproveite muito 😋
2026-02-15 13:59:35: Volte sempre!"
2026-02-15 13:59:35: ================================================================================
2026-02-15 13:59:35: 
2026-02-15 13:59:35: 
2026-02-15 13:59:35: ================================================================================
2026-02-15 13:59:35: [15/02/2026, 09:59:35] OPERAÇÃO
2026-02-15 13:59:35: 📞 Telefone: 559870035468
2026-02-15 13:59:35: 👤 Nome: Ana
2026-02-15 13:59:35: 📋 Estado: PAGAMENTO
2026-02-15 13:59:35: ⚙️ Operação: Cliente escolheu: Na retirada
2026-02-15 13:59:35: ================================================================================
2026-02-15 13:59:35: 
2026-02-15 13:59:37: [15/02/2026, 09:59:37] ℹ️ INFO: [MSG] De: 559870035468@c.us | Tipo: chat | Mídia: false | Audio: false
2026-02-15 13:59:37: 
2026-02-15 13:59:37: [HORÁRIO CHECK] ============================================
2026-02-15 13:59:37: [HORÁRIO CHECK] Telefone: 559870035468@c.us
2026-02-15 13:59:37: [HORÁRIO CHECK] Tem sessão ativa: SIM
2026-02-15 13:59:37: [HORÁRIO CHECK] Estado atual: AGUARDANDO_RETIRADA
2026-02-15 13:59:37: [HORÁRIO CHECK] É cliente no BD: SIM
2026-02-15 13:59:37: [HORÁRIO CHECK] Mensagem: "Oi"
2026-02-15 13:59:37: [HORÁRIO CHECK] É modo teste (mensagem): false
2026-02-15 13:59:37: [HORÁRIO CHECK] Sessão em modo teste: NÃO
2026-02-15 13:59:37: [HORÁRIO] Servidor: 2026-02-15T12:59:37.833Z | Brasil (America/Fortaleza): 9:59 | Decimal: 9.98 | Aberto: 9-22.5 | Resultado: ABERTO ✅
2026-02-15 13:59:37: [HORÁRIO CHECK] ✅ Horário OK ou modo teste - continuando fluxo
2026-02-15 13:59:37: [HORÁRIO CHECK] ============================================
2026-02-15 13:59:37: 
2026-02-15 13:59:37: 
2026-02-15 13:59:37: ================================================================================
2026-02-15 13:59:37: [15/02/2026, 09:59:37] RECEBIDA
2026-02-15 13:59:37: 📞 Telefone: 559870035468
2026-02-15 13:59:37: 👤 Nome: Ana
2026-02-15 13:59:37: 📋 Estado: AGUARDANDO_RETIRADA
2026-02-15 13:59:37: ⚙️ Operação: Mensagem: "Oi" | Áudio: false | Mídia: false
2026-02-15 13:59:37: ================================================================================
2026-02-15 13:59:37: 
2026-02-15 13:59:40: 
2026-02-15 13:59:40: ================================================================================
2026-02-15 13:59:40: [15/02/2026, 09:59:40] OPERAÇÃO
2026-02-15 13:59:40: 📞 Telefone: 559870035468
2026-02-15 13:59:40: 👤 Nome: Ana
2026-02-15 13:59:40: 📋 Estado: ENCERRADO
2026-02-15 13:59:40: ⚙️ Operação: Sessão encerrada após agradecimento (retirada)
2026-02-15 13:59:40: ================================================================================
2026-02-15 13:59:40: 
2026-02-15 13:59:43: [15/02/2026, 09:59:43] ℹ️ INFO: [MSG] De: 559870035468@c.us | Tipo: chat | Mídia: false | Audio: false
2026-02-15 13:59:43: 
2026-02-15 13:59:43: [HORÁRIO CHECK] ============================================
2026-02-15 13:59:43: [HORÁRIO CHECK] Telefone: 559870035468@c.us
2026-02-15 13:59:43: [HORÁRIO CHECK] Tem sessão ativa: NÃO
2026-02-15 13:59:43: [HORÁRIO CHECK] Estado atual: NENHUM
2026-02-15 13:59:43: [HORÁRIO CHECK] É cliente no BD: SIM
2026-02-15 13:59:43: [HORÁRIO CHECK] Mensagem: "Oi"
2026-02-15 13:59:43: [HORÁRIO CHECK] É modo teste (mensagem): false
2026-02-15 13:59:43: [HORÁRIO CHECK] Sessão em modo teste: NÃO
2026-02-15 13:59:43: [HORÁRIO] Servidor: 2026-02-15T12:59:43.291Z | Brasil (America/Fortaleza): 9:59 | Decimal: 9.98 | Aberto: 9-22.5 | Resultado: ABERTO ✅
2026-02-15 13:59:43: [HORÁRIO CHECK] ✅ Horário OK ou modo teste - continuando fluxo
2026-02-15 13:59:43: [HORÁRIO CHECK] ============================================
2026-02-15 13:59:43: 
2026-02-15 13:59:43: 
2026-02-15 13:59:43: ================================================================================
2026-02-15 13:59:43: [15/02/2026, 09:59:43] RECEBIDA
2026-02-15 13:59:43: 📞 Telefone: 559870035468
2026-02-15 13:59:43: 👤 Nome: Ana
2026-02-15 13:59:43: 📋 Estado: SEM_ESTADO
2026-02-15 13:59:43: ⚙️ Operação: Mensagem: "Oi" | Áudio: false | Mídia: false
2026-02-15 13:59:43: ================================================================================
2026-02-15 13:59:43: 
2026-02-15 13:59:43: [DB] temPedidoAnterior(559870035468@c.us): true - pedido válido com 2 itens
2026-02-15 13:59:43: 
2026-02-15 13:59:43: =================================================================
2026-02-15 13:59:43: [RECONHECIMENTO] 🔍 Verificando tipo de cliente no BD
2026-02-15 13:59:43: [RECONHECIMENTO] Telefone: 559870035468@c.us
2026-02-15 13:59:43: [RECONHECIMENTO] ----------------------------------------
2026-02-15 13:59:43: [RECONHECIMENTO] ✅ CLIENTE ENCONTRADO NO BD!
2026-02-15 13:59:43: [RECONHECIMENTO] -> primeiro_nome: "Ana"
2026-02-15 13:59:43: [RECONHECIMENTO] -> nome_completo: "Ana Maria"
2026-02-15 13:59:43: [RECONHECIMENTO] -> endereco: "(vazio)"
2026-02-15 13:59:43: [RECONHECIMENTO] -> ultimo_pedido: TEM PEDIDO ✅
2026-02-15 13:59:43: [RECONHECIMENTO] -> pedidos_confirmados: 2
2026-02-15 13:59:43: [RECONHECIMENTO] -> ultimo_pedido.data: 2026-02-15T12:59:09.788Z
2026-02-15 13:59:43: [RECONHECIMENTO] -> ultimo_pedido.carrinho: 2 itens
2026-02-15 13:59:43: [RECONHECIMENTO] ----------------------------------------
2026-02-15 13:59:43: [RECONHECIMENTO] isClienteAntigo(): true
2026-02-15 13:59:43: [RECONHECIMENTO] temPedidoAnterior(): true
2026-02-15 13:59:43: [RECONHECIMENTO] ----------------------------------------
2026-02-15 13:59:43: [RECONHECIMENTO] temNome: true
2026-02-15 13:59:43: [RECONHECIMENTO] CONDIÇÃO 1 (Cliente com nome + pedido): true ← APLICÁVEL
2026-02-15 13:59:43: [RECONHECIMENTO] CONDIÇÃO 2 (3ª VIA - nome sem pedido): false 
2026-02-15 13:59:43: [RECONHECIMENTO] CONDIÇÃO 3 (Cliente novo): false 
2026-02-15 13:59:43: =================================================================
2026-02-15 13:59:43: 
2026-02-15 13:59:43: [FLUXO] >>> Entrando na VIA 1: Cliente antigo com pedido
2026-02-15 13:59:44: [15/02/2026, 09:59:44] ℹ️ INFO: [FUNCIONÁRIO] Para: 559870035468@c.us | Tipo: chat | Msg: "Olá, *Boa tarde Ana!* 😍🍧
2026-02-15 13:59:44: Que bom ver você de vol..."
2026-02-15 13:59:44: 
2026-02-15 13:59:44: ================================================================================
2026-02-15 13:59:44: [15/02/2026, 09:59:44] FUNCIONÁRIO
2026-02-15 13:59:44: 📞 Telefone: 559870035468
2026-02-15 13:59:44: 👤 Nome: (sem nome)
2026-02-15 13:59:44: 📋 Estado: RETURNING_CUSTOMER_MENU
2026-02-15 13:59:44: ⚙️ Operação: Mensagem: "Olá, *Boa tarde Ana!* 😍🍧
2026-02-15 13:59:44: Que bom ver você de volta no *Espaço Açaí & Gelatos* 💜
2026-02-15 13:59:44: *❯ 1-* 🔁 Repetir meu último pedido
2026-02-15 13:59:44: *❯ 2-* 📝 Montar meu pedido"
2026-02-15 13:59:44: ================================================================================
2026-02-15 13:59:44: 
2026-02-15 13:59:44: 
2026-02-15 13:59:44: ================================================================================
2026-02-15 13:59:44: [15/02/2026, 09:59:44] ENVIADA
2026-02-15 13:59:44: 📞 Telefone: 559870035468@c.us
2026-02-15 13:59:44: 👤 Nome: Ana
2026-02-15 13:59:44: 📋 Estado: RETURNING_CUSTOMER_MENU
2026-02-15 13:59:44: ⚙️ Operação: Enviado menu para cliente retornante (E3 - cliente antigo)
2026-02-15 13:59:44: ================================================================================
2026-02-15 13:59:44: 
2026-02-15 13:59:44: 
2026-02-15 13:59:44: ================================================================================
2026-02-15 13:59:44: [15/02/2026, 09:59:44] ENVIADA
2026-02-15 13:59:44: 📞 Telefone: 559870035468
2026-02-15 13:59:44: 👤 Nome: Ana
2026-02-15 13:59:44: 📋 Estado: VIA_1_CLIENTE_ANTIGO
2026-02-15 13:59:44: ⚙️ Operação: Menu de repetir/montar enviado
2026-02-15 13:59:44: ================================================================================
2026-02-15 13:59:44: 
2026-02-15 13:59:48: [15/02/2026, 09:59:48] ℹ️ INFO: [MSG] De: 559870035468@c.us | Tipo: chat | Mídia: false | Audio: false
2026-02-15 13:59:48: 
2026-02-15 13:59:48: [HORÁRIO CHECK] ============================================
2026-02-15 13:59:48: [HORÁRIO CHECK] Telefone: 559870035468@c.us
2026-02-15 13:59:48: [HORÁRIO CHECK] Tem sessão ativa: SIM
2026-02-15 13:59:48: [HORÁRIO CHECK] Estado atual: RETURNING_CUSTOMER_MENU
2026-02-15 13:59:48: [HORÁRIO CHECK] É cliente no BD: SIM
2026-02-15 13:59:48: [HORÁRIO CHECK] Mensagem: "1"
2026-02-15 13:59:48: [HORÁRIO CHECK] É modo teste (mensagem): false
2026-02-15 13:59:48: [HORÁRIO CHECK] Sessão em modo teste: NÃO
2026-02-15 13:59:48: [HORÁRIO] Servidor: 2026-02-15T12:59:48.166Z | Brasil (America/Fortaleza): 9:59 | Decimal: 9.98 | Aberto: 9-22.5 | Resultado: ABERTO ✅
2026-02-15 13:59:48: [HORÁRIO CHECK] ✅ Horário OK ou modo teste - continuando fluxo
2026-02-15 13:59:48: [HORÁRIO CHECK] ============================================
2026-02-15 13:59:48: 
2026-02-15 13:59:48: 
2026-02-15 13:59:48: ================================================================================
2026-02-15 13:59:48: [15/02/2026, 09:59:48] RECEBIDA
2026-02-15 13:59:48: 📞 Telefone: 559870035468
2026-02-15 13:59:48: 👤 Nome: Ana
2026-02-15 13:59:48: 📋 Estado: RETURNING_CUSTOMER_MENU
2026-02-15 13:59:48: ⚙️ Operação: Mensagem: "1" | Áudio: false | Mídia: false
2026-02-15 13:59:48: ================================================================================
2026-02-15 13:59:48: 
2026-02-15 13:59:49: [15/02/2026, 09:59:49] ℹ️ INFO: [FUNCIONÁRIO] Para: 559870035468@c.us | Tipo: chat | Msg: "Perfeito! Vou repetir seu último pedido. 🔁..."
2026-02-15 13:59:49: 
2026-02-15 13:59:49: ================================================================================
2026-02-15 13:59:49: [15/02/2026, 09:59:49] FUNCIONÁRIO
2026-02-15 13:59:49: 📞 Telefone: 559870035468
2026-02-15 13:59:49: 👤 Nome: (sem nome)
2026-02-15 13:59:49: 📋 Estado: REVIEW
2026-02-15 13:59:49: ⚙️ Operação: Mensagem: "Perfeito! Vou repetir seu último pedido. 🔁"
2026-02-15 13:59:49: ================================================================================
2026-02-15 13:59:49: 
2026-02-15 13:59:52: [15/02/2026, 09:59:52] ℹ️ INFO: [FUNCIONÁRIO] Para: 559870035468@c.us | Tipo: chat | Msg: "📋 *Resumo do seu pedido*
2026-02-15 13:59:52: 
2026-02-15 13:59:52: *Açaí 1* 🍧
2026-02-15 13:59:52: 📦 Tamanho:..."
2026-02-15 13:59:52: 
2026-02-15 13:59:52: ================================================================================
2026-02-15 13:59:52: [15/02/2026, 09:59:52] FUNCIONÁRIO
2026-02-15 13:59:52: 📞 Telefone: 559870035468
2026-02-15 13:59:52: 👤 Nome: (sem nome)
2026-02-15 13:59:52: 📋 Estado: REVIEW
2026-02-15 13:59:52: ⚙️ Operação: Mensagem: "📋 *Resumo do seu pedido*
2026-02-15 13:59:52: 
2026-02-15 13:59:52: *Açaí 1* 🍧
2026-02-15 13:59:52: 📦 Tamanho: *Marmita 300ml*
2026-02-15 13:59:52: 🍨 Açaí: *Açaí Master*
2026-02-15 13:59:52: 🍦 Gelatos: *Flocos*
2026-02-15 13:59:52: 🍓 Frutas: *Banana*
2026-02-15 13:59:52: 🍫 Complementos: *(não selecionado)*
2026-02-15 13:59:52: 🍯 Caldas: *Mágica ao Leite*
2026-02-15 13:59:52: 
2026-02-15 13:59:52: *Açaí 2* 🍧
2026-02-15 13:59:52: 📦 Tamanho: *Marmita 500ml*
2026-02-15 13:59:52: 🍨 Açaí: *Açaí Master*
2026-02-15 13:59:52: 🍦 Gelatos: *Flocos*
2026-02-15 13:59:52: 🍓 Frutas: *Banana*
2026-02-15 13:59:52: 🍫 Complementos: *Cereja em Calda*
2026-02-15 13:59:52: 🍯 Caldas: *Mágica*
2026-02-15 13:59:52: 
2026-02-15 13:59:52: *Preço base:* 1kg = R$ 70
2026-02-15 13:59:52: 
2026-02-15 13:59:52: O que deseja fazer?
2026-02-15 13:59:52: *❯ 1-* ✅ Confirmar pedido
2026-02-15 13:59:52: *❯ 2-* ✏️ Editar um açaí
2026-02-15 13:59:52: *❯ 3-* 🔄 Alterar meu nome"
2026-02-15 13:59:52: ================================================================================
2026-02-15 13:59:52: 
2026-02-15 13:59:52: 
2026-02-15 13:59:52: ================================================================================
2026-02-15 13:59:52: [15/02/2026, 09:59:52] OPERAÇÃO
2026-02-15 13:59:52: 📞 Telefone: 559870035468
2026-02-15 13:59:52: 👤 Nome: Ana
2026-02-15 13:59:52: 📋 Estado: RETURNING_CUSTOMER_MENU
2026-02-15 13:59:52: ⚙️ Operação: Cliente repetiu último pedido
2026-02-15 13:59:52: ================================================================================
2026-02-15 13:59:52: 
2026-02-15 13:59:57: [15/02/2026, 09:59:57] ℹ️ INFO: [MSG] De: 559870035468@c.us | Tipo: chat | Mídia: false | Audio: false
2026-02-15 13:59:57: 
2026-02-15 13:59:57: [HORÁRIO CHECK] ============================================
2026-02-15 13:59:57: [HORÁRIO CHECK] Telefone: 559870035468@c.us
2026-02-15 13:59:57: [HORÁRIO CHECK] Tem sessão ativa: SIM
2026-02-15 13:59:57: [HORÁRIO CHECK] Estado atual: REVIEW
2026-02-15 13:59:57: [HORÁRIO CHECK] É cliente no BD: SIM
2026-02-15 13:59:57: [HORÁRIO CHECK] Mensagem: "1"
2026-02-15 13:59:57: [HORÁRIO CHECK] É modo teste (mensagem): false
2026-02-15 13:59:57: [HORÁRIO CHECK] Sessão em modo teste: NÃO
2026-02-15 13:59:57: [HORÁRIO] Servidor: 2026-02-15T12:59:57.965Z | Brasil (America/Fortaleza): 9:59 | Decimal: 9.98 | Aberto: 9-22.5 | Resultado: ABERTO ✅
2026-02-15 13:59:57: [HORÁRIO CHECK] ✅ Horário OK ou modo teste - continuando fluxo
2026-02-15 13:59:57: [HORÁRIO CHECK] ============================================
2026-02-15 13:59:57: 
2026-02-15 13:59:57: 
2026-02-15 13:59:57: ================================================================================
2026-02-15 13:59:57: [15/02/2026, 09:59:57] RECEBIDA
2026-02-15 13:59:57: 📞 Telefone: 559870035468
2026-02-15 13:59:57: 👤 Nome: Ana
2026-02-15 13:59:57: 📋 Estado: REVIEW
2026-02-15 13:59:57: ⚙️ Operação: Mensagem: "1" | Áudio: false | Mídia: false
2026-02-15 13:59:57: ================================================================================
2026-02-15 13:59:57: 
2026-02-15 13:59:59: [15/02/2026, 09:59:59] ℹ️ INFO: [FUNCIONÁRIO] Para: 559870035468@c.us | Tipo: chat | Msg: "Antes de confirmarmos o pedido
2026-02-15 13:59:59: Qual será a *forma ..."
2026-02-15 13:59:59: 
2026-02-15 13:59:59: ================================================================================
2026-02-15 13:59:59: [15/02/2026, 09:59:59] FUNCIONÁRIO
2026-02-15 13:59:59: 📞 Telefone: 559870035468
2026-02-15 13:59:59: 👤 Nome: (sem nome)
2026-02-15 13:59:59: 📋 Estado: ESCOLHA_ENTREGA
2026-02-15 13:59:59: ⚙️ Operação: Mensagem: "Antes de confirmarmos o pedido
2026-02-15 13:59:59: Qual será a *forma de entrega?* 🤔
2026-02-15 13:59:59: *❯ 1-* 🏍️ Delivery
2026-02-15 13:59:59: *❯ 2-* 🏪 Retirada no local"
2026-02-15 13:59:59: ================================================================================
2026-02-15 13:59:59: 
2026-02-15 13:59:59: 
2026-02-15 13:59:59: ================================================================================
2026-02-15 13:59:59: [15/02/2026, 09:59:59] OPERAÇÃO
2026-02-15 13:59:59: 📞 Telefone: 559870035468
2026-02-15 13:59:59: 👤 Nome: Ana
2026-02-15 13:59:59: 📋 Estado: REVIEW
2026-02-15 13:59:59: ⚙️ Operação: Pedido confirmado - Indo para escolha de entrega (Prompt 7)
2026-02-15 13:59:59: ================================================================================
2026-02-15 13:59:59: 
2026-02-15 14:00:03: [15/02/2026, 10:00:03] ℹ️ INFO: [MSG] De: 559870035468@c.us | Tipo: chat | Mídia: false | Audio: false
2026-02-15 14:00:03: 
2026-02-15 14:00:03: [HORÁRIO CHECK] ============================================
2026-02-15 14:00:03: [HORÁRIO CHECK] Telefone: 559870035468@c.us
2026-02-15 14:00:03: [HORÁRIO CHECK] Tem sessão ativa: SIM
2026-02-15 14:00:03: [HORÁRIO CHECK] Estado atual: ESCOLHA_ENTREGA
2026-02-15 14:00:03: [HORÁRIO CHECK] É cliente no BD: SIM
2026-02-15 14:00:03: [HORÁRIO CHECK] Mensagem: "2"
2026-02-15 14:00:03: [HORÁRIO CHECK] É modo teste (mensagem): false
2026-02-15 14:00:03: [HORÁRIO CHECK] Sessão em modo teste: NÃO
2026-02-15 14:00:03: [HORÁRIO] Servidor: 2026-02-15T13:00:03.046Z | Brasil (America/Fortaleza): 10:00 | Decimal: 10.00 | Aberto: 9-22.5 | Resultado: ABERTO ✅
2026-02-15 14:00:03: [HORÁRIO CHECK] ✅ Horário OK ou modo teste - continuando fluxo
2026-02-15 14:00:03: [HORÁRIO CHECK] ============================================
2026-02-15 14:00:03: 
2026-02-15 14:00:03: 
2026-02-15 14:00:03: ================================================================================
2026-02-15 14:00:03: [15/02/2026, 10:00:03] RECEBIDA
2026-02-15 14:00:03: 📞 Telefone: 559870035468
2026-02-15 14:00:03: 👤 Nome: Ana
2026-02-15 14:00:03: 📋 Estado: ESCOLHA_ENTREGA
2026-02-15 14:00:03: ⚙️ Operação: Mensagem: "2" | Áudio: false | Mídia: false
2026-02-15 14:00:03: ================================================================================
2026-02-15 14:00:03: 
2026-02-15 14:00:03: 💾 BD salvo: 3 clientes
2026-02-15 14:00:03: ✅ Último pedido salvo: 2 itens | Entrega: retirada | Pedidos confirmados: 3 (559870035468@c.us)
2026-02-15 14:00:04: [15/02/2026, 10:00:04] ℹ️ INFO: [FUNCIONÁRIO] Para: 559870035468@c.us | Tipo: chat | Msg: "Pedido recebido *Ana* 😉
2026-02-15 14:00:04: Já estamos montando o seu..."
2026-02-15 14:00:04: 
2026-02-15 14:00:04: ================================================================================
2026-02-15 14:00:04: [15/02/2026, 10:00:04] FUNCIONÁRIO
2026-02-15 14:00:04: 📞 Telefone: 559870035468
2026-02-15 14:00:04: 👤 Nome: (sem nome)
2026-02-15 14:00:04: 📋 Estado: PREPARE
2026-02-15 14:00:04: ⚙️ Operação: Mensagem: "Pedido recebido *Ana* 😉
2026-02-15 14:00:04: Já estamos montando o seu açaí!
2026-02-15 14:00:04: ⏳ Em breve te enviamos a foto com o valor do pedido."
2026-02-15 14:00:04: ================================================================================
2026-02-15 14:00:04: 
2026-02-15 14:00:04: [15/02/2026, 10:00:04] ℹ️ INFO: [PROTEÇÃO] Ignorando mensagem para 559870278100@c.us - contato não iniciou conversa
2026-02-15 14:00:04: 
2026-02-15 14:00:04: ================================================================================
2026-02-15 14:00:04: [15/02/2026, 10:00:04] ENVIADA
2026-02-15 14:00:04: 📞 Telefone: 559870035468
2026-02-15 14:00:04: 👤 Nome: Ana
2026-02-15 14:00:04: 📋 Estado: PREPARE
2026-02-15 14:00:04: ⚙️ Operação: Resumo do pedido enviado para admin (retirada)
2026-02-15 14:00:04: ================================================================================
2026-02-15 14:00:04: 
2026-02-15 14:00:04: 
2026-02-15 14:00:04: ================================================================================
2026-02-15 14:00:04: [15/02/2026, 10:00:04] OPERAÇÃO
2026-02-15 14:00:04: 📞 Telefone: 559870035468
2026-02-15 14:00:04: 👤 Nome: Ana
2026-02-15 14:00:04: 📋 Estado: ESCOLHA_ENTREGA
2026-02-15 14:00:04: ⚙️ Operação: Cliente escolheu: Retirada no local
2026-02-15 14:00:04: ================================================================================
2026-02-15 14:00:04: 
2026-02-15 14:00:19: [15/02/2026, 10:00:19] ℹ️ INFO: [FUNCIONÁRIO] Para: 559870035468@c.us | Tipo: chat | Msg: "Prontinho ✅🍧
2026-02-15 14:00:19: Valor do pedido: R$ 44..."
2026-02-15 14:00:19: 
2026-02-15 14:00:19: ================================================================================
2026-02-15 14:00:19: [15/02/2026, 10:00:19] FUNCIONÁRIO
2026-02-15 14:00:19: 📞 Telefone: 559870035468
2026-02-15 14:00:19: 👤 Nome: (sem nome)
2026-02-15 14:00:19: 📋 Estado: ESPERA_PREPARO
2026-02-15 14:00:19: ⚙️ Operação: Mensagem: "Prontinho ✅🍧
2026-02-15 14:00:19: Valor do pedido: R$ 44"
2026-02-15 14:00:19: ================================================================================
2026-02-15 14:00:19: 
2026-02-15 14:00:19: [15/02/2026, 10:00:19] ℹ️ INFO: [FUNCIONÁRIO] Valor recebido do funcionário: R$ 44
2026-02-15 14:00:23: [15/02/2026, 10:00:23] ℹ️ INFO: [FUNCIONÁRIO] Para: 559870035468@c.us | Tipo: chat | Msg: "Qual será a *forma de pagamento?* 🤔
2026-02-15 14:00:23: *❯ 1-* Pix   ..."
2026-02-15 14:00:23: 
2026-02-15 14:00:23: ================================================================================
2026-02-15 14:00:23: [15/02/2026, 10:00:23] FUNCIONÁRIO
2026-02-15 14:00:23: 📞 Telefone: 559870035468
2026-02-15 14:00:23: 👤 Nome: (sem nome)
2026-02-15 14:00:23: 📋 Estado: PAGAMENTO
2026-02-15 14:00:23: ⚙️ Operação: Mensagem: "Qual será a *forma de pagamento?* 🤔
2026-02-15 14:00:23: *❯ 1-* Pix   *2-* Dinheiro   *3-* Cartão
2026-02-15 14:00:23: *❯ 4-* Na retirada"
2026-02-15 14:00:23: ================================================================================
2026-02-15 14:00:23: 
2026-02-15 14:00:23: 
2026-02-15 14:00:23: ================================================================================
2026-02-15 14:00:23: [15/02/2026, 10:00:23] ENVIADA
2026-02-15 14:00:23: 📞 Telefone: 559870035468
2026-02-15 14:00:23: 👤 Nome: Ana
2026-02-15 14:00:23: 📋 Estado: PAGAMENTO
2026-02-15 14:00:23: ⚙️ Operação: Enviadas opções de pagamento (retirada) - Timer A5 iniciado
2026-02-15 14:00:23: ================================================================================
2026-02-15 14:00:23: 
2026-02-15 14:00:26: [15/02/2026, 10:00:26] ℹ️ INFO: [MSG] De: 559870035468@c.us | Tipo: chat | Mídia: false | Audio: false
2026-02-15 14:00:26: 
2026-02-15 14:00:26: [HORÁRIO CHECK] ============================================
2026-02-15 14:00:26: [HORÁRIO CHECK] Telefone: 559870035468@c.us
2026-02-15 14:00:26: [HORÁRIO CHECK] Tem sessão ativa: SIM
2026-02-15 14:00:26: [HORÁRIO CHECK] Estado atual: PAGAMENTO
2026-02-15 14:00:26: [HORÁRIO CHECK] É cliente no BD: SIM
2026-02-15 14:00:26: [HORÁRIO CHECK] Mensagem: "1"
2026-02-15 14:00:26: [HORÁRIO CHECK] É modo teste (mensagem): false
2026-02-15 14:00:26: [HORÁRIO CHECK] Sessão em modo teste: NÃO
2026-02-15 14:00:26: [HORÁRIO] Servidor: 2026-02-15T13:00:26.796Z | Brasil (America/Fortaleza): 10:00 | Decimal: 10.00 | Aberto: 9-22.5 | Resultado: ABERTO ✅
2026-02-15 14:00:26: [HORÁRIO CHECK] ✅ Horário OK ou modo teste - continuando fluxo
2026-02-15 14:00:26: [HORÁRIO CHECK] ============================================
2026-02-15 14:00:26: 
2026-02-15 14:00:26: 
2026-02-15 14:00:26: ================================================================================
2026-02-15 14:00:26: [15/02/2026, 10:00:26] RECEBIDA
2026-02-15 14:00:26: 📞 Telefone: 559870035468
2026-02-15 14:00:26: 👤 Nome: Ana
2026-02-15 14:00:26: 📋 Estado: PAGAMENTO
2026-02-15 14:00:26: ⚙️ Operação: Mensagem: "1" | Áudio: false | Mídia: false
2026-02-15 14:00:26: ================================================================================
2026-02-15 14:00:26: 
2026-02-15 14:00:28: [15/02/2026, 10:00:28] ℹ️ INFO: [FUNCIONÁRIO] Para: 559870035468@c.us | Tipo: chat | Msg: "*Nossa chave Pix* 👇..."
2026-02-15 14:00:28: 
2026-02-15 14:00:28: ================================================================================
2026-02-15 14:00:28: [15/02/2026, 10:00:28] FUNCIONÁRIO
2026-02-15 14:00:28: 📞 Telefone: 559870035468
2026-02-15 14:00:28: 👤 Nome: (sem nome)
2026-02-15 14:00:28: 📋 Estado: PAGAMENTO_PIX
2026-02-15 14:00:28: ⚙️ Operação: Mensagem: "*Nossa chave Pix* 👇"
2026-02-15 14:00:28: ================================================================================
2026-02-15 14:00:28: 
2026-02-15 14:00:28: [15/02/2026, 10:00:28] ℹ️ INFO: [FUNCIONÁRIO] Para: 559870035468@c.us | Tipo: chat | Msg: "38424116000120..."
2026-02-15 14:00:28: 
2026-02-15 14:00:28: ================================================================================
2026-02-15 14:00:28: [15/02/2026, 10:00:28] FUNCIONÁRIO
2026-02-15 14:00:28: 📞 Telefone: 559870035468
2026-02-15 14:00:28: 👤 Nome: (sem nome)
2026-02-15 14:00:28: 📋 Estado: PAGAMENTO_PIX
2026-02-15 14:00:28: ⚙️ Operação: Mensagem: "38424116000120"
2026-02-15 14:00:28: ================================================================================
2026-02-15 14:00:28: 
2026-02-15 14:00:30: [15/02/2026, 10:00:30] ℹ️ INFO: [FUNCIONÁRIO] Para: 559870035468@c.us | Tipo: chat | Msg: "*❯* Por favor, envie o comprovante aqui para confi..."
2026-02-15 14:00:30: 
2026-02-15 14:00:30: ================================================================================
2026-02-15 14:00:30: [15/02/2026, 10:00:30] FUNCIONÁRIO
2026-02-15 14:00:30: 📞 Telefone: 559870035468
2026-02-15 14:00:30: 👤 Nome: (sem nome)
2026-02-15 14:00:30: 📋 Estado: PAGAMENTO_PIX
2026-02-15 14:00:30: ⚙️ Operação: Mensagem: "*❯* Por favor, envie o comprovante aqui para confirmarmos"
2026-02-15 14:00:30: ================================================================================
2026-02-15 14:00:30: 
2026-02-15 14:00:31: 
2026-02-15 14:00:31: ================================================================================
2026-02-15 14:00:31: [15/02/2026, 10:00:31] OPERAÇÃO
2026-02-15 14:00:31: 📞 Telefone: 559870035468
2026-02-15 14:00:31: 👤 Nome: Ana
2026-02-15 14:00:31: 📋 Estado: PAGAMENTO
2026-02-15 14:00:31: ⚙️ Operação: Cliente escolheu: Pix
2026-02-15 14:00:31: ================================================================================
2026-02-15 14:00:31: 
2026-02-15 14:00:47: [15/02/2026, 10:00:47] ℹ️ INFO: [MSG] De: 559870035468@c.us | Tipo: image | Mídia: true | Audio: false
2026-02-15 14:00:47: 
2026-02-15 14:00:47: [HORÁRIO CHECK] ============================================
2026-02-15 14:00:47: [HORÁRIO CHECK] Telefone: 559870035468@c.us
2026-02-15 14:00:47: [HORÁRIO CHECK] Tem sessão ativa: SIM
2026-02-15 14:00:47: [HORÁRIO CHECK] Estado atual: PAGAMENTO_PIX
2026-02-15 14:00:47: [HORÁRIO CHECK] É cliente no BD: SIM
2026-02-15 14:00:47: [HORÁRIO CHECK] Mensagem: ""
2026-02-15 14:00:47: [HORÁRIO CHECK] É modo teste (mensagem): false
2026-02-15 14:00:47: [HORÁRIO CHECK] Sessão em modo teste: NÃO
2026-02-15 14:00:47: [HORÁRIO] Servidor: 2026-02-15T13:00:47.614Z | Brasil (America/Fortaleza): 10:00 | Decimal: 10.00 | Aberto: 9-22.5 | Resultado: ABERTO ✅
2026-02-15 14:00:47: [HORÁRIO CHECK] ✅ Horário OK ou modo teste - continuando fluxo
2026-02-15 14:00:47: [HORÁRIO CHECK] ============================================
2026-02-15 14:00:47: 
2026-02-15 14:00:47: 
2026-02-15 14:00:47: ================================================================================
2026-02-15 14:00:47: [15/02/2026, 10:00:47] RECEBIDA
2026-02-15 14:00:47: 📞 Telefone: 559870035468
2026-02-15 14:00:47: 👤 Nome: Ana
2026-02-15 14:00:47: 📋 Estado: PAGAMENTO_PIX
2026-02-15 14:00:47: ⚙️ Operação: Mensagem: "" | Áudio: false | Mídia: true
2026-02-15 14:00:47: ================================================================================
2026-02-15 14:00:47: 
2026-02-15 14:00:47: [15/02/2026, 10:00:47] ℹ️ INFO: [PROTEÇÃO] Ignorando mensagem para 559870278100@c.us - contato não iniciou conversa
2026-02-15 14:00:48: [15/02/2026, 10:00:48] ℹ️ INFO: [PROTEÇÃO] Ignorando mensagem para 559870278100@c.us - contato não iniciou conversa
2026-02-15 14:00:49: [15/02/2026, 10:00:49] ℹ️ INFO: [FUNCIONÁRIO] Para: 559870035468@c.us | Tipo: chat | Msg: "Seu comprovante já foi recebido ✅
2026-02-15 14:00:49: Aguarde só um in..."
2026-02-15 14:00:49: 
2026-02-15 14:00:49: ================================================================================
2026-02-15 14:00:49: [15/02/2026, 10:00:49] FUNCIONÁRIO
2026-02-15 14:00:49: 📞 Telefone: 559870035468
2026-02-15 14:00:49: 👤 Nome: (sem nome)
2026-02-15 14:00:49: 📋 Estado: AGUARDANDO_OK_ADMIN
2026-02-15 14:00:49: ⚙️ Operação: Mensagem: "Seu comprovante já foi recebido ✅
2026-02-15 14:00:49: Aguarde só um instante enquanto confirmamos o pagamento ⌛"
2026-02-15 14:00:49: ================================================================================
2026-02-15 14:00:49: 
2026-02-15 14:00:49: 
2026-02-15 14:00:49: ================================================================================
2026-02-15 14:00:49: [15/02/2026, 10:00:49] OPERAÇÃO
2026-02-15 14:00:49: 📞 Telefone: 559870035468
2026-02-15 14:00:49: 👤 Nome: Ana
2026-02-15 14:00:49: 📋 Estado: PAGAMENTO_PIX
2026-02-15 14:00:49: ⚙️ Operação: Comprovante Pix recebido e encaminhado para admin
2026-02-15 14:00:49: ================================================================================
2026-02-15 14:00:49: 
2026-02-15 14:00:58: [15/02/2026, 10:00:58] ℹ️ INFO: [FUNCIONÁRIO] Para: 559870035468@c.us | Tipo: chat | Msg: "Ok 👍..."
2026-02-15 14:00:58: 
2026-02-15 14:00:58: ================================================================================
2026-02-15 14:00:58: [15/02/2026, 10:00:58] FUNCIONÁRIO
2026-02-15 14:00:58: 📞 Telefone: 559870035468
2026-02-15 14:00:58: 👤 Nome: (sem nome)
2026-02-15 14:00:58: 📋 Estado: AGUARDANDO_OK_ADMIN
2026-02-15 14:00:58: ⚙️ Operação: Mensagem: "Ok 👍"
2026-02-15 14:00:58: ================================================================================
2026-02-15 14:00:58: 
2026-02-15 14:00:58: [15/02/2026, 10:00:58] ℹ️ INFO: [FUNCIONÁRIO] Ok recebido para comprovante Pix
2026-02-15 14:00:58: [15/02/2026, 10:00:58] ℹ️ INFO: [FUNCIONÁRIO] Para: 559870035468@c.us | Tipo: chat | Msg: "Perfeito! 🎉
2026-02-15 14:00:58: Estamos te aguardando 😉
2026-02-15 14:00:58: 📍 *Nosso en..."
2026-02-15 14:00:58: 
2026-02-15 14:00:58: ================================================================================
2026-02-15 14:00:58: [15/02/2026, 10:00:58] FUNCIONÁRIO
2026-02-15 14:00:58: 📞 Telefone: 559870035468
2026-02-15 14:00:58: 👤 Nome: (sem nome)
2026-02-15 14:00:58: 📋 Estado: AGUARDANDO_RETIRADA
2026-02-15 14:00:58: ⚙️ Operação: Mensagem: "Perfeito! 🎉
2026-02-15 14:00:58: Estamos te aguardando 😉
2026-02-15 14:00:58: 📍 *Nosso endereço:*
2026-02-15 14:00:58: Avenida Sabino Câmara – Posto IC, Brejo-MA"
2026-02-15 14:00:58: ================================================================================
2026-02-15 14:00:58: 
2026-02-15 14:00:59: [15/02/2026, 10:00:59] ℹ️ INFO: [FUNCIONÁRIO] Para: 559870035468@c.us | Tipo: chat | Msg: "Agradecemos seu pedido, *Ana!* 💜
2026-02-15 14:00:59: Foi um prazer at..."
2026-02-15 14:00:59: 
2026-02-15 14:00:59: ================================================================================
2026-02-15 14:00:59: [15/02/2026, 10:00:59] FUNCIONÁRIO
2026-02-15 14:00:59: 📞 Telefone: 559870035468
2026-02-15 14:00:59: 👤 Nome: (sem nome)
2026-02-15 14:00:59: 📋 Estado: AGUARDANDO_RETIRADA
2026-02-15 14:00:59: ⚙️ Operação: Mensagem: "Agradecemos seu pedido, *Ana!* 💜
2026-02-15 14:00:59: Foi um prazer atender você novamente no *Espaço Açaí & Gelatos* 🍧
2026-02-15 14:00:59: Esperamos que aproveite muito 😋
2026-02-15 14:00:59: Volte sempre!"
2026-02-15 14:00:59: ================================================================================
2026-02-15 14:00:59: 
2026-02-15 14:01:04: 
2026-02-15 14:01:04: ================================================================================
2026-02-15 14:01:04: [15/02/2026, 10:01:04] OPERAÇÃO
2026-02-15 14:01:04: 📞 Telefone: 559870035468
2026-02-15 14:01:04: 👤 Nome: Ana
2026-02-15 14:01:04: 📋 Estado: ENCERRADO
2026-02-15 14:01:04: ⚙️ Operação: Sessão encerrada após agradecimento (via chat)
2026-02-15 14:01:04: ================================================================================
2026-02-15 14:01:04: 
2026-02-15 14:01:27: 
2026-02-15 14:01:27: 🛑 Encerrando bot (SIGINT)...
2026-02-15 14:01:27: 💾 BD salvo: 3 clientes
2026-02-15 14:01:27: 💾 Flush de segurança executado
2026-02-15 14:01:28: ✅ Sessão WhatsApp encerrada com sucesso
2026-02-15 14:07:00: 
2026-02-15 14:07:00: ================================================================================
2026-02-15 14:07:00: 🚀 INICIANDO CHATBOT v2.5.7 (CORREÇÃO CRÍTICA)...
2026-02-15 14:07:00: ================================================================================
2026-02-15 14:07:00: 
2026-02-15 14:07:09: [15/02/2026, 10:07:09] ℹ️ INFO: ✅ Cliente autenticado com sucesso!
2026-02-15 14:07:11: 
2026-02-15 14:07:11: ================================================================================
2026-02-15 14:07:11: 🎉 BOT INICIADO COM SUCESSO! 🎉
2026-02-15 14:07:11: ================================================================================
2026-02-15 14:07:11: 💬 Bot: Espaço Açaí & Gelatos v2.5.7 (CORREÇÃO CRÍTICA)
2026-02-15 14:07:11: ⏰ Horário: 16h - 22h30 (timezone: America/Fortaleza)
2026-02-15 14:07:11: 🔑 Modo teste: Digite "testacai" para testar fora do horário
2026-02-15 14:07:11: 🛑 Parar fluxo: Digite "stopacai" para encerrar atendimento
2026-02-15 14:07:11: 📞 Admin: 5598970278100
2026-02-15 14:07:11: ================================================================================
2026-02-15 14:07:11: 📋 v2.5.7 - CORREÇÃO CRÍTICA:
2026-02-15 14:07:11:    🐛 CORRIGIDO: Crash com mensagens de Canais/Communities
2026-02-15 14:07:11:    ✅ ADICIONADO: Proteção robusta contra getChat() undefined
2026-02-15 14:07:11:    ✅ ADICIONADO: Filtros para @newsletter e @broadcast
2026-02-15 14:07:11: ================================================================================
2026-02-15 14:07:11: 📋 v2.5.5 - Correções anteriores:
2026-02-15 14:07:11:    ✅ REMOVIDO: --single-process (causava ProtocolError)
2026-02-15 14:07:11:    ✅ CORRIGIDO: Timeout infinito para evitar TimeoutError
2026-02-15 14:07:11:    ✅ OTIMIZADO: Flags do Chrome/Chromium
2026-02-15 14:07:11: ================================================================================
2026-02-15 14:07:11: 📋 Funcionalidades mantidas (v2.5.4 e anteriores):
2026-02-15 14:07:11:    E1-E4 | A1-A5 | NF1-NF2 | T1-T8 | I1-I9
2026-02-15 14:07:11:    🏍️ Delivery | 🏪 Retirada | ❓ FAQ (8 perguntas)
2026-02-15 14:07:11:    🕐 Timezone America/Fortaleza | 🚫 Verificação de horário
2026-02-15 14:07:11: ================================================================================
2026-02-15 14:07:11: 👀 Aguardando mensagens...
2026-02-15 14:07:11: ================================================================================
2026-02-15 14:07:11: 
2026-02-15 14:07:48: 
2026-02-15 14:07:48: 🛑 Encerrando bot (SIGINT)...
2026-02-15 14:07:48: 💾 BD salvo: 2 clientes
2026-02-15 14:07:48: 💾 Flush de segurança executado
2026-02-15 14:07:48: ✅ Sessão WhatsApp encerrada com sucesso
2026-02-15 14:08:23: 
2026-02-15 14:08:23: ================================================================================
2026-02-15 14:08:23: 🚀 INICIANDO CHATBOT v2.5.7 (CORREÇÃO CRÍTICA)...
2026-02-15 14:08:23: ================================================================================
2026-02-15 14:08:23: 
2026-02-15 14:08:29: 
2026-02-15 14:08:29: ================================================================================
2026-02-15 14:08:29: 📱 QR CODE GERADO!
2026-02-15 14:08:29: Escaneie o QR Code abaixo com seu WhatsApp:
2026-02-15 14:08:29: ================================================================================
2026-02-15 14:08:29: 
2026-02-15 14:08:29: ▄▄▄▄▄▄▄▄▄▄▄▄▄▄▄▄▄▄▄▄▄▄▄▄▄▄▄▄▄▄▄▄▄▄▄▄▄▄▄▄▄▄▄▄▄▄▄▄▄▄▄▄▄▄▄▄▄▄▄
2026-02-15 14:08:29: █ ▄▄▄▄▄ █▄▀███▄ ▄██ ▄▀▀  ▄▀█▄█  █▄▀▀  ▄██▀█ ▄▀ ▄ ██ ▄▄▄▄▄ █
2026-02-15 14:08:29: █ █   █ █ ▀█▄▄▀▄██  ████ ▀ █▄▄█  ▄  ▄ ▄▀▄▄ ▄▀▄▀▄ ██ █   █ █
2026-02-15 14:08:29: █ █▄▄▄█ █▄▄█▀█▄█▀▀█  ▀██ █▀ ▄▄▄ ▀▀ █▄ ▄▄ ▀▀▀▀▄▄▀▄██ █▄▄▄█ █
2026-02-15 14:08:29: █▄▄▄▄▄▄▄█▄█▄▀ ▀▄█▄▀ ▀▄█ ▀▄█ █▄█ ▀ ▀ █ ▀▄█▄▀▄▀▄▀▄█ █▄▄▄▄▄▄▄█
2026-02-15 14:08:29: █▄▄▄ ██▄█ ▀█▀▄▀▀▄█▄█▀██   ▀▄ ▄   █ ▄▀▀▀▄▄   ██▄▄▀▀▄█▀▄▄ █ █
2026-02-15 14:08:29: ██▄▀▀▄ ▄ ██▀ ▀ ▀▄▀ ██ ▄▄ █▄▄▀▄  █▄█  ▀█▄ ▀█   █▄▀▄▄▀   ▄▄ █
2026-02-15 14:08:29: █▀█ ▀▀▀▄█▀▀ ▀█▄  ▄█▄▀▀█▄█▄██ ▀█▀ █▄▄█  ▀▀▀▄▄ ▀▀▄██  ███ ███
2026-02-15 14:08:29: ███▀▀█ ▄ ▄█▄ ▄█▀▀█▄▀▀ ▀▀ █ █▀████  ██▄█▀▄▀▄  ▀█▀▄▄▀▄▄  ▀███
2026-02-15 14:08:29: ██▄▄▀▀▄▄██   ▀ ▄▀ ██▄█▄█ █▄█▄▄██▄▄▄ ███▄█▀ ▄   ▀▀█▄█ ▀▀▀  █
2026-02-15 14:08:29: ██▀ ▄▄ ▄▀ █▀ █▀▀█▄▀▀█▄ ▀ ▄ ▀▀  █▀██ ▀ ▀ ▀▀ ▄ █   █▄█▄█▄▄▄██
2026-02-15 14:08:29: █▄ ██ █▄█ █▀ ▀ ██ ▀███ ▄▀█ ▀▀▄  ██▄▄ ▀▀▄▀   ▄▀█▄▄  ▄ ▄▄ ▀▀█
2026-02-15 14:08:29: ██▀▀  ▄▄ ▀▀██ ▄▄▀▄▄  ▄▄▀  █▀▀▀ █▀█▀█ █▄▀ ▄ █▄▀█▄█ ████▄▄█ █
2026-02-15 14:08:29: █▄▄█ ▀ ▄ ▄ █▄ █▀▀█▄ █ ▀▀█▄▀▀▀▀█▄▄▄▄█     ▀▀█ ▀ ▄██▄▀█▀ █▄▄█
2026-02-15 14:08:29: █▄▀▄  ▄▄▄ ▀▄██▄  █▄▄▀▀█▄█▀█ ▄▄▄ █ ▄█▄ ██▀   █▀▀▀  ▄▄▄ ▀▀▀██
2026-02-15 14:08:29: █   ▄ █▄█ ▄▄  ██▄ █▄██▀▀ ██ █▄█ ▀▄▀▀▀█▄███▀▄▄▄▀▀▀ █▄█ █▄█▄█
2026-02-15 14:08:29: █▀██▀ ▄▄  ▄▄ █▀██▀█▀▄▄█ ▄▄█▄ ▄  ▄▄ ▀███▀██▀█▀█▄▄█  ▄ ▄██ ██
2026-02-15 14:08:29: ███▄▀▀█▄▀▀█▀ ▀▄▄▄███▀▄▄ ▀▀▄███▀▀▀▀ ▄▄▀▀▄▄ █▀ ▀██▀ ▄▄ █▀ █▀█
2026-02-15 14:08:29: █▀  ██▄▄▀█ ▀ █▄   ▄█▄ ▄▄▄▄▄█▀▀ █▀██ ▀▄▀█▄█▀▄▀▄▄▄ ▄  █ ██▄▄█
2026-02-15 14:08:29: █▀ ▀███▄▄▄▀▀█▀▄███  ▀█▀█ ▄█▄██ ▄▄█ ▄  ▀▀▀▀ ▄▄▀█▄███ ▀█ ████
2026-02-15 14:08:29: ██ ▀▀  ▄▀▄ ▄▀▄▄▀ ▄▀█  ▀ ▄▀▄▄ ▄▄▀▀█ ▄█▀▀█▀██ ▄ █▀ ███▀  ▀█▄█
2026-02-15 14:08:29: ██▄   ▀▄ ▀ ██ ██ ▀██ █ █▀█▀ ▄ ▀▄█▄▄▀█▀██ ▀▀█  ▀  ▀▀▀▄ █▄█▄█
2026-02-15 14:08:29: █▀█  ▄█▄ ▄█▄▀▄ █▄ █▄ ▀█  ▄██▄▄█ █▀▄▀█▄▀▄▄▄ ▀▀▄█ ▄ ▄█▄ █▄▄██
2026-02-15 14:08:29: █▀▄█▄▄▀▄▄ █▀█▀▀▀██▀▀ ▄ █ ▀▄▄▄█▄▀▀▀▄█ ▀▄█▄▄▀ █▀▄▄▀▀▄█▄█ ▀▀ █
2026-02-15 14:08:29: █ ▀ ▀▀▄▄█▀▀██▄▀ ▀   ▄▄▄▀▄ █▀  ▀▀▀▀▀▄▄▄▄▀█▄▀█▄ ██  ▄▄██ █▀ █
2026-02-15 14:08:29: ███████▄█  █▄ ▀█▀█  ▀▀██ ██ ▄▄▄ █▀ █ ▄  █▀▄███▀██ ▄▄▄ ██▀▄█
2026-02-15 14:08:29: █ ▄▄▄▄▄ ███ ▀▀ ▄▀ ██▀▀▄ ██▄ █▄█     ▀▄▄█ ▀▀▄ ▀  ▄ █▄█  ▀▀▀█
2026-02-15 14:08:29: █ █   █ █▀▄ ▄█▀ ▀█▀▀ ▄ ▀ ▀ ▄▄▄  ▀ ▀  ██▄█▀█▄▄   █ ▄ ▄ ▄▀ ▄█
2026-02-15 14:08:29: █ █▄▄▄█ █ ▀█ ██   ▄█▄▀▀▀█▀▄▀█▀█▀▄  ▀█▀▄▀▀█ ▀▄▄▀██▄▀ ██▄▄█▀█
2026-02-15 14:08:29: █▄▄▄▄▄▄▄█▄▄██▄█▄▄█▄█▄█▄▄█▄███████▄██▄███▄▄█████▄▄█▄▄█▄█▄███
2026-02-15 14:08:29: 
2026-02-15 14:08:29: 
2026-02-15 14:08:29: ================================================================================
2026-02-15 14:08:29: 👉 Abra o WhatsApp no celular
2026-02-15 14:08:29: 👉 Vá em Menu > Aparelhos conectados
2026-02-15 14:08:29: 👉 Conectar um aparelho
2026-02-15 14:08:29: 👉 Escaneie o código acima
2026-02-15 14:08:29: ================================================================================
2026-02-15 14:08:29: 
2026-02-15 14:08:59: [15/02/2026, 10:08:59] ℹ️ INFO: ✅ Cliente autenticado com sucesso!
2026-02-15 14:08:59: [15/02/2026, 10:08:59] ℹ️ INFO: ✅ Cliente autenticado com sucesso!
2026-02-15 14:09:04: 
2026-02-15 14:09:04: ================================================================================
2026-02-15 14:09:04: 🎉 BOT INICIADO COM SUCESSO! 🎉
2026-02-15 14:09:04: ================================================================================
2026-02-15 14:09:04: 💬 Bot: Espaço Açaí & Gelatos v2.5.7 (CORREÇÃO CRÍTICA)
2026-02-15 14:09:04: ⏰ Horário: 16h - 22h30 (timezone: America/Fortaleza)
2026-02-15 14:09:04: 🔑 Modo teste: Digite "testacai" para testar fora do horário
2026-02-15 14:09:04: 🛑 Parar fluxo: Digite "stopacai" para encerrar atendimento
2026-02-15 14:09:04: 📞 Admin: 5598970278100
2026-02-15 14:09:04: ================================================================================
2026-02-15 14:09:04: 📋 v2.5.7 - CORREÇÃO CRÍTICA:
2026-02-15 14:09:04:    🐛 CORRIGIDO: Crash com mensagens de Canais/Communities
2026-02-15 14:09:04:    ✅ ADICIONADO: Proteção robusta contra getChat() undefined
2026-02-15 14:09:04:    ✅ ADICIONADO: Filtros para @newsletter e @broadcast
2026-02-15 14:09:04: ================================================================================
2026-02-15 14:09:04: 📋 v2.5.5 - Correções anteriores:
2026-02-15 14:09:04:    ✅ REMOVIDO: --single-process (causava ProtocolError)
2026-02-15 14:09:04:    ✅ CORRIGIDO: Timeout infinito para evitar TimeoutError
2026-02-15 14:09:04:    ✅ OTIMIZADO: Flags do Chrome/Chromium
2026-02-15 14:09:04: ================================================================================
2026-02-15 14:09:04: 📋 Funcionalidades mantidas (v2.5.4 e anteriores):
2026-02-15 14:09:04:    E1-E4 | A1-A5 | NF1-NF2 | T1-T8 | I1-I9
2026-02-15 14:09:04:    🏍️ Delivery | 🏪 Retirada | ❓ FAQ (8 perguntas)
2026-02-15 14:09:04:    🕐 Timezone America/Fortaleza | 🚫 Verificação de horário
2026-02-15 14:09:04: ================================================================================
2026-02-15 14:09:04: 👀 Aguardando mensagens...
2026-02-15 14:09:04: ================================================================================
2026-02-15 14:09:04: 
2026-02-15 14:09:15: [15/02/2026, 10:09:15] ℹ️ INFO: [MSG] De: 559870035468@c.us | Tipo: chat | Mídia: false | Audio: false
2026-02-15 14:09:15: 
2026-02-15 14:09:15: [HORÁRIO CHECK] ============================================
2026-02-15 14:09:15: [HORÁRIO CHECK] Telefone: 559870035468@c.us
2026-02-15 14:09:15: [HORÁRIO CHECK] Tem sessão ativa: NÃO
2026-02-15 14:09:15: [HORÁRIO CHECK] Estado atual: NENHUM
2026-02-15 14:09:15: [HORÁRIO CHECK] É cliente no BD: NÃO
2026-02-15 14:09:15: [HORÁRIO CHECK] Mensagem: "Oi"
2026-02-15 14:09:15: [HORÁRIO CHECK] É modo teste (mensagem): false
2026-02-15 14:09:15: [HORÁRIO CHECK] Sessão em modo teste: NÃO
2026-02-15 14:09:15: [HORÁRIO] Servidor: 2026-02-15T13:09:15.937Z | Brasil (America/Fortaleza): 10:09 | Decimal: 10.15 | Aberto: 9-22.5 | Resultado: ABERTO ✅
2026-02-15 14:09:15: [HORÁRIO CHECK] ✅ Horário OK ou modo teste - continuando fluxo
2026-02-15 14:09:15: [HORÁRIO CHECK] ============================================
2026-02-15 14:09:15: 
2026-02-15 14:09:15: 
2026-02-15 14:09:15: ================================================================================
2026-02-15 14:09:15: [15/02/2026, 10:09:15] RECEBIDA
2026-02-15 14:09:15: 📞 Telefone: 559870035468
2026-02-15 14:09:15: 👤 Nome: (desconhecido)
2026-02-15 14:09:15: 📋 Estado: SEM_ESTADO
2026-02-15 14:09:15: ⚙️ Operação: Mensagem: "Oi" | Áudio: false | Mídia: false
2026-02-15 14:09:15: ================================================================================
2026-02-15 14:09:15: 
2026-02-15 14:09:15: [DB] temPedidoAnterior(559870035468@c.us): false - cliente não existe
2026-02-15 14:09:15: 
2026-02-15 14:09:15: =================================================================
2026-02-15 14:09:15: [RECONHECIMENTO] 🔍 Verificando tipo de cliente no BD
2026-02-15 14:09:15: [RECONHECIMENTO] Telefone: 559870035468@c.us
2026-02-15 14:09:15: [RECONHECIMENTO] ----------------------------------------
2026-02-15 14:09:15: [RECONHECIMENTO] ❌ CLIENTE NÃO ENCONTRADO NO BD
2026-02-15 14:09:15: [RECONHECIMENTO] ----------------------------------------
2026-02-15 14:09:15: [RECONHECIMENTO] isClienteAntigo(): false
2026-02-15 14:09:15: [RECONHECIMENTO] temPedidoAnterior(): false
2026-02-15 14:09:15: [RECONHECIMENTO] ----------------------------------------
2026-02-15 14:09:15: [RECONHECIMENTO] temNome: null
2026-02-15 14:09:15: [RECONHECIMENTO] CONDIÇÃO 1 (Cliente com nome + pedido): null 
2026-02-15 14:09:15: [RECONHECIMENTO] CONDIÇÃO 2 (3ª VIA - nome sem pedido): null 
2026-02-15 14:09:15: [RECONHECIMENTO] CONDIÇÃO 3 (Cliente novo): true ← APLICÁVEL
2026-02-15 14:09:15: =================================================================
2026-02-15 14:09:15: 
2026-02-15 14:09:15: [FLUXO] >>> Entrando na VIA 2: Cliente completamente novo
2026-02-15 14:09:18: [15/02/2026, 10:09:18] ℹ️ INFO: [FUNCIONÁRIO] Para: 559870035468@c.us | Tipo: chat | Msg: "Seja muito bem-vindo(a) ao *Espaço Açaí & Gelatos*..."
2026-02-15 14:09:18: 
2026-02-15 14:09:18: ================================================================================
2026-02-15 14:09:18: [15/02/2026, 10:09:18] FUNCIONÁRIO
2026-02-15 14:09:18: 📞 Telefone: 559870035468
2026-02-15 14:09:18: 👤 Nome: (sem nome)
2026-02-15 14:09:18: 📋 Estado: BOAS_VINDAS
2026-02-15 14:09:18: ⚙️ Operação: Mensagem: "Seja muito bem-vindo(a) ao *Espaço Açaí & Gelatos* 🍧💜
2026-02-15 14:09:18: Para eu te atender direitinho, me diga seu *nome*, por favor 😊"
2026-02-15 14:09:18: ================================================================================
2026-02-15 14:09:18: 
2026-02-15 14:09:18: 
2026-02-15 14:09:18: ================================================================================
2026-02-15 14:09:18: [15/02/2026, 10:09:18] ENVIADA
2026-02-15 14:09:18: 📞 Telefone: 559870035468@c.us
2026-02-15 14:09:18: 👤 Nome: (sem nome)
2026-02-15 14:09:18: 📋 Estado: BOAS_VINDAS
2026-02-15 14:09:18: ⚙️ Operação: Solicitado nome do cliente
2026-02-15 14:09:18: ================================================================================
2026-02-15 14:09:18: 
2026-02-15 14:09:18: 
2026-02-15 14:09:18: ================================================================================
2026-02-15 14:09:18: [15/02/2026, 10:09:18] ENVIADA
2026-02-15 14:09:18: 📞 Telefone: 559870035468
2026-02-15 14:09:18: 👤 Nome: (sem nome)
2026-02-15 14:09:18: 📋 Estado: VIA_2_CLIENTE_NOVO
2026-02-15 14:09:18: ⚙️ Operação: Solicitado nome do cliente
2026-02-15 14:09:18: ================================================================================
2026-02-15 14:09:18: 
2026-02-15 14:09:19: [15/02/2026, 10:09:19] ℹ️ INFO: [MSG] De: 559870035468@c.us | Tipo: chat | Mídia: false | Audio: false
2026-02-15 14:09:19: 
2026-02-15 14:09:19: [HORÁRIO CHECK] ============================================
2026-02-15 14:09:19: [HORÁRIO CHECK] Telefone: 559870035468@c.us
2026-02-15 14:09:19: [HORÁRIO CHECK] Tem sessão ativa: SIM
2026-02-15 14:09:19: [HORÁRIO CHECK] Estado atual: BOAS_VINDAS
2026-02-15 14:09:19: [HORÁRIO CHECK] É cliente no BD: NÃO
2026-02-15 14:09:19: [HORÁRIO CHECK] Mensagem: "Oap"
2026-02-15 14:09:19: [HORÁRIO CHECK] É modo teste (mensagem): false
2026-02-15 14:09:19: [HORÁRIO CHECK] Sessão em modo teste: NÃO
2026-02-15 14:09:19: [HORÁRIO] Servidor: 2026-02-15T13:09:19.009Z | Brasil (America/Fortaleza): 10:09 | Decimal: 10.15 | Aberto: 9-22.5 | Resultado: ABERTO ✅
2026-02-15 14:09:19: [HORÁRIO CHECK] ✅ Horário OK ou modo teste - continuando fluxo
2026-02-15 14:09:19: [HORÁRIO CHECK] ============================================
2026-02-15 14:09:19: 
2026-02-15 14:09:19: 
2026-02-15 14:09:19: ================================================================================
2026-02-15 14:09:19: [15/02/2026, 10:09:19] RECEBIDA
2026-02-15 14:09:19: 📞 Telefone: 559870035468
2026-02-15 14:09:19: 👤 Nome: (desconhecido)
2026-02-15 14:09:19: 📋 Estado: BOAS_VINDAS
2026-02-15 14:09:19: ⚙️ Operação: Mensagem: "Oap" | Áudio: false | Mídia: false
2026-02-15 14:09:19: ================================================================================
2026-02-15 14:09:19: 
2026-02-15 14:09:19: 💾 BD salvo: 3 clientes
2026-02-15 14:09:19: ✅ Cliente criado e salvo: Oap (559870035468@c.us)
2026-02-15 14:09:19: 
2026-02-15 14:09:19: ================================================================================
2026-02-15 14:09:19: [15/02/2026, 10:09:19] OPERAÇÃO
2026-02-15 14:09:19: 📞 Telefone: 559870035468
2026-02-15 14:09:19: 👤 Nome: Oap
2026-02-15 14:09:19: 📋 Estado: BOAS_VINDAS
2026-02-15 14:09:19: ⚙️ Operação: Nome validado e salvo: Oap
2026-02-15 14:09:19: ================================================================================
2026-02-15 14:09:19: 
2026-02-15 14:09:21: [15/02/2026, 10:09:21] ℹ️ INFO: [FUNCIONÁRIO] Para: 559870035468@c.us | Tipo: chat | Msg: "Prazer, *Oap!* 
2026-02-15 14:09:21: Vou te mandar o nosso cardápio com..."
2026-02-15 14:09:21: 
2026-02-15 14:09:21: ================================================================================
2026-02-15 14:09:21: [15/02/2026, 10:09:21] FUNCIONÁRIO
2026-02-15 14:09:21: 📞 Telefone: 559870035468
2026-02-15 14:09:21: 👤 Nome: (sem nome)
2026-02-15 14:09:21: 📋 Estado: CONFIRMA_NOME
2026-02-15 14:09:21: ⚙️ Operação: Mensagem: "Prazer, *Oap!* 
2026-02-15 14:09:21: Vou te mandar o nosso cardápio completo 👇"
2026-02-15 14:09:21: ================================================================================
2026-02-15 14:09:21: 
2026-02-15 14:09:27: [15/02/2026, 10:09:27] ℹ️ INFO: [FUNCIONÁRIO] Para: 559870035468@c.us | Tipo: image | Msg: "..."
2026-02-15 14:09:27: 
2026-02-15 14:09:27: ================================================================================
2026-02-15 14:09:27: [15/02/2026, 10:09:27] FUNCIONÁRIO
2026-02-15 14:09:27: 📞 Telefone: 559870035468
2026-02-15 14:09:27: 👤 Nome: (sem nome)
2026-02-15 14:09:27: 📋 Estado: CONFIRMA_NOME
2026-02-15 14:09:27: ⚙️ Operação: Mensagem: ""
2026-02-15 14:09:27: ================================================================================
2026-02-15 14:09:27: 
2026-02-15 14:09:27: 
2026-02-15 14:09:27: ================================================================================
2026-02-15 14:09:27: [15/02/2026, 10:09:27] ENVIADA
2026-02-15 14:09:27: 📞 Telefone: 559870035468
2026-02-15 14:09:27: 👤 Nome: Oap
2026-02-15 14:09:27: 📋 Estado: CONFIRMA_NOME
2026-02-15 14:09:27: ⚙️ Operação: Enviado cardápio e confirmação de nome
2026-02-15 14:09:27: ================================================================================
2026-02-15 14:09:27: 
2026-02-15 14:09:30: [15/02/2026, 10:09:30] ℹ️ INFO: [FUNCIONÁRIO] Para: 559870035468@c.us | Tipo: chat | Msg: "Só explicando rapidinho como funciona aqui 💡🍧
2026-02-15 14:09:30:   ..."
2026-02-15 14:09:30: 
2026-02-15 14:09:30: ================================================================================
2026-02-15 14:09:30: [15/02/2026, 10:09:30] FUNCIONÁRIO
2026-02-15 14:09:30: 📞 Telefone: 559870035468
2026-02-15 14:09:30: 👤 Nome: (sem nome)
2026-02-15 14:09:30: 📋 Estado: EXPLICA_FUNCIONAMENTO
2026-02-15 14:09:30: ⚙️ Operação: Mensagem: "Só explicando rapidinho como funciona aqui 💡🍧
2026-02-15 14:09:30:    *1.* Você escolhe seu açaí pelo whatsapp
2026-02-15 14:09:30:    *2.* Montamos e pesamos na balança
2026-02-15 14:09:30:    *3.* Te enviamos a foto do seu pedido 📸✅
2026-02-15 14:09:30:    *4.* O valor final é a soma do peso + taxa de entrega (caso escolha delivery)
2026-02-15 14:09:30: Como você prefere seguir?
2026-02-15 14:09:30: *❯ 1-* 🤔 Tenho dúvidas
2026-02-15 14:09:30: *❯ 2-* 📍 Taxas de entrega
2026-02-15 14:09:30: *❯ 3-* 📝 Montar meu pedido"
2026-02-15 14:09:30: ================================================================================
2026-02-15 14:09:30: 
2026-02-15 14:09:31: 
2026-02-15 14:09:31: ================================================================================
2026-02-15 14:09:31: [15/02/2026, 10:09:31] ENVIADA
2026-02-15 14:09:31: 📞 Telefone: 559870035468@c.us
2026-02-15 14:09:31: 👤 Nome: Oap
2026-02-15 14:09:31: 📋 Estado: EXPLICA_FUNCIONAMENTO
2026-02-15 14:09:31: ⚙️ Operação: Explicado funcionamento (Prompt 7 - com taxas)
2026-02-15 14:09:31: ================================================================================
2026-02-15 14:09:31: 
2026-02-15 14:09:36: [15/02/2026, 10:09:36] ℹ️ INFO: [MSG] De: 559870035468@c.us | Tipo: chat | Mídia: false | Audio: false
2026-02-15 14:09:36: 
2026-02-15 14:09:36: [HORÁRIO CHECK] ============================================
2026-02-15 14:09:36: [HORÁRIO CHECK] Telefone: 559870035468@c.us
2026-02-15 14:09:36: [HORÁRIO CHECK] Tem sessão ativa: SIM
2026-02-15 14:09:36: [HORÁRIO CHECK] Estado atual: EXPLICA_FUNCIONAMENTO
2026-02-15 14:09:36: [HORÁRIO CHECK] É cliente no BD: SIM
2026-02-15 14:09:36: [HORÁRIO CHECK] Mensagem: "3"
2026-02-15 14:09:36: [HORÁRIO CHECK] É modo teste (mensagem): false
2026-02-15 14:09:36: [HORÁRIO CHECK] Sessão em modo teste: NÃO
2026-02-15 14:09:36: [HORÁRIO] Servidor: 2026-02-15T13:09:36.400Z | Brasil (America/Fortaleza): 10:09 | Decimal: 10.15 | Aberto: 9-22.5 | Resultado: ABERTO ✅
2026-02-15 14:09:36: [HORÁRIO CHECK] ✅ Horário OK ou modo teste - continuando fluxo
2026-02-15 14:09:36: [HORÁRIO CHECK] ============================================
2026-02-15 14:09:36: 
2026-02-15 14:09:36: 
2026-02-15 14:09:36: ================================================================================
2026-02-15 14:09:36: [15/02/2026, 10:09:36] RECEBIDA
2026-02-15 14:09:36: 📞 Telefone: 559870035468
2026-02-15 14:09:36: 👤 Nome: Oap
2026-02-15 14:09:36: 📋 Estado: EXPLICA_FUNCIONAMENTO
2026-02-15 14:09:36: ⚙️ Operação: Mensagem: "3" | Áudio: false | Mídia: false
2026-02-15 14:09:36: ================================================================================
2026-02-15 14:09:36: 
2026-02-15 14:09:38: [15/02/2026, 10:09:38] ℹ️ INFO: [FUNCIONÁRIO] Para: 559870035468@c.us | Tipo: chat | Msg: "*Oap* vou te fazer algumas perguntas pra montar se..."
2026-02-15 14:09:38: 
2026-02-15 14:09:38: ================================================================================
2026-02-15 14:09:38: [15/02/2026, 10:09:38] FUNCIONÁRIO
2026-02-15 14:09:38: 📞 Telefone: 559870035468
2026-02-15 14:09:38: 👤 Nome: (sem nome)
2026-02-15 14:09:38: 📋 Estado: BUILD_START
2026-02-15 14:09:38: ⚙️ Operação: Mensagem: "*Oap* vou te fazer algumas perguntas pra montar seu açaí. 😄"
2026-02-15 14:09:38: ================================================================================
2026-02-15 14:09:38: 
2026-02-15 14:09:41: [15/02/2026, 10:09:41] ℹ️ INFO: [FUNCIONÁRIO] Para: 559870035468@c.us | Tipo: chat | Msg: "Primeiro: escolha o *tamanho* 🥛
2026-02-15 14:09:41: 
2026-02-15 14:09:41: 1. Marmita 300ml..."
2026-02-15 14:09:41: 
2026-02-15 14:09:41: ================================================================================
2026-02-15 14:09:41: [15/02/2026, 10:09:41] FUNCIONÁRIO
2026-02-15 14:09:41: 📞 Telefone: 559870035468
2026-02-15 14:09:41: 👤 Nome: (sem nome)
2026-02-15 14:09:41: 📋 Estado: BUILD_SIZE
2026-02-15 14:09:41: ⚙️ Operação: Mensagem: "Primeiro: escolha o *tamanho* 🥛
2026-02-15 14:09:41: 
2026-02-15 14:09:41: 1. Marmita 300ml
2026-02-15 14:09:41: 2. Marmita 500ml
2026-02-15 14:09:41: 3. Marmita 700ml
2026-02-15 14:09:41: 4. Copo 300ml
2026-02-15 14:09:41: 5. Copo 400ml
2026-02-15 14:09:41: 6. Copo 500ml
2026-02-15 14:09:41: 
2026-02-15 14:09:41: *❯*  Digite o número (ex.: *1*)"
2026-02-15 14:09:41: ================================================================================
2026-02-15 14:09:41: 
2026-02-15 14:09:41: 
2026-02-15 14:09:41: ================================================================================
2026-02-15 14:09:41: [15/02/2026, 10:09:41] OPERAÇÃO
2026-02-15 14:09:41: 📞 Telefone: 559870035468
2026-02-15 14:09:41: 👤 Nome: Oap
2026-02-15 14:09:41: 📋 Estado: BUILD_START
2026-02-15 14:09:41: ⚙️ Operação: Iniciada montagem do Açaí #1
2026-02-15 14:09:41: ================================================================================
2026-02-15 14:09:41: 
2026-02-15 14:09:41: 
2026-02-15 14:09:41: ================================================================================
2026-02-15 14:09:41: [15/02/2026, 10:09:41] ENVIADA
2026-02-15 14:09:41: 📞 Telefone: 559870035468
2026-02-15 14:09:41: 👤 Nome: Oap
2026-02-15 14:09:41: 📋 Estado: EXPLICA_FUNCIONAMENTO
2026-02-15 14:09:41: ⚙️ Operação: Cliente escolheu: Montar pedido
2026-02-15 14:09:41: ================================================================================
2026-02-15 14:09:41: 
2026-02-15 14:09:47: [15/02/2026, 10:09:47] ℹ️ INFO: [MSG] De: 559870035468@c.us | Tipo: chat | Mídia: false | Audio: false
2026-02-15 14:09:48: [15/02/2026, 10:09:48] ℹ️ INFO: [FUNCIONÁRIO] Para: 559870035468@c.us | Tipo: chat | Msg: "Atendimento encerrado ✅
2026-02-15 14:09:48: Quando quiser pedir novame..."
2026-02-15 14:09:48: [15/02/2026, 10:09:48] ℹ️ INFO: [FUNCIONÁRIO] Mensagem para 559870035468@c.us - Sem sessão ativa
2026-02-15 14:09:48: 
2026-02-15 14:09:48: ================================================================================
2026-02-15 14:09:48: [15/02/2026, 10:09:48] OPERAÇÃO
2026-02-15 14:09:48: 📞 Telefone: 559870035468
2026-02-15 14:09:48: 👤 Nome: Oap
2026-02-15 14:09:48: 📋 Estado: STOPACAI_DESISTENCIA
2026-02-15 14:09:48: ⚙️ Operação: Cliente com nome registrado encerrou - sem aviso ao admin, sem reiniciar fluxo
2026-02-15 14:09:48: ================================================================================
2026-02-15 14:09:48: 
2026-02-15 14:09:54: [15/02/2026, 10:09:54] ℹ️ INFO: [MSG] De: 559870035468@c.us | Tipo: chat | Mídia: false | Audio: false
2026-02-15 14:09:54: 
2026-02-15 14:09:54: [HORÁRIO CHECK] ============================================
2026-02-15 14:09:54: [HORÁRIO CHECK] Telefone: 559870035468@c.us
2026-02-15 14:09:54: [HORÁRIO CHECK] Tem sessão ativa: NÃO
2026-02-15 14:09:54: [HORÁRIO CHECK] Estado atual: NENHUM
2026-02-15 14:09:54: [HORÁRIO CHECK] É cliente no BD: SIM
2026-02-15 14:09:54: [HORÁRIO CHECK] Mensagem: "Oi"
2026-02-15 14:09:54: [HORÁRIO CHECK] É modo teste (mensagem): false
2026-02-15 14:09:54: [HORÁRIO CHECK] Sessão em modo teste: NÃO
2026-02-15 14:09:54: [HORÁRIO] Servidor: 2026-02-15T13:09:54.456Z | Brasil (America/Fortaleza): 10:09 | Decimal: 10.15 | Aberto: 9-22.5 | Resultado: ABERTO ✅
2026-02-15 14:09:54: [HORÁRIO CHECK] ✅ Horário OK ou modo teste - continuando fluxo
2026-02-15 14:09:54: [HORÁRIO CHECK] ============================================
2026-02-15 14:09:54: 
2026-02-15 14:09:54: 
2026-02-15 14:09:54: ================================================================================
2026-02-15 14:09:54: [15/02/2026, 10:09:54] RECEBIDA
2026-02-15 14:09:54: 📞 Telefone: 559870035468
2026-02-15 14:09:54: 👤 Nome: Oap
2026-02-15 14:09:54: 📋 Estado: SEM_ESTADO
2026-02-15 14:09:54: ⚙️ Operação: Mensagem: "Oi" | Áudio: false | Mídia: false
2026-02-15 14:09:54: ================================================================================
2026-02-15 14:09:54: 
2026-02-15 14:09:54: [DB] temPedidoAnterior(559870035468@c.us): false - ultimo_pedido é null
2026-02-15 14:09:54: 
2026-02-15 14:09:54: =================================================================
2026-02-15 14:09:54: [RECONHECIMENTO] 🔍 Verificando tipo de cliente no BD
2026-02-15 14:09:54: [RECONHECIMENTO] Telefone: 559870035468@c.us
2026-02-15 14:09:54: [RECONHECIMENTO] ----------------------------------------
2026-02-15 14:09:54: [RECONHECIMENTO] ✅ CLIENTE ENCONTRADO NO BD!
2026-02-15 14:09:54: [RECONHECIMENTO] -> primeiro_nome: "Oap"
2026-02-15 14:09:54: [RECONHECIMENTO] -> nome_completo: "Oap"
2026-02-15 14:09:54: [RECONHECIMENTO] -> endereco: "(vazio)"
2026-02-15 14:09:54: [RECONHECIMENTO] -> ultimo_pedido: SEM PEDIDO ❌
2026-02-15 14:09:54: [RECONHECIMENTO] -> pedidos_confirmados: 0
2026-02-15 14:09:54: [RECONHECIMENTO] ----------------------------------------
2026-02-15 14:09:54: [RECONHECIMENTO] isClienteAntigo(): true
2026-02-15 14:09:54: [RECONHECIMENTO] temPedidoAnterior(): false
2026-02-15 14:09:54: [RECONHECIMENTO] ----------------------------------------
2026-02-15 14:09:54: [RECONHECIMENTO] temNome: true
2026-02-15 14:09:54: [RECONHECIMENTO] CONDIÇÃO 1 (Cliente com nome + pedido): false 
2026-02-15 14:09:54: [RECONHECIMENTO] CONDIÇÃO 2 (3ª VIA - nome sem pedido): true ← APLICÁVEL
2026-02-15 14:09:54: [RECONHECIMENTO] CONDIÇÃO 3 (Cliente novo): false 
2026-02-15 14:09:54: =================================================================
2026-02-15 14:09:54: 
2026-02-15 14:09:54: [FLUXO] >>> Entrando na VIA 3: Cliente com nome mas SEM pedido (desistiu)
2026-02-15 14:09:54: [3A_VIA] Enviando mensagem: Olá, *Boa tarde Oap!* 😍🍧
2026-02-15 14:09:54: Que bom ver você de vol...
2026-02-15 14:09:56: [15/02/2026, 10:09:56] ℹ️ INFO: [FUNCIONÁRIO] Para: 559870035468@c.us | Tipo: chat | Msg: "Olá, *Boa tarde Oap!* 😍🍧
2026-02-15 14:09:56: Que bom ver você de vol..."
2026-02-15 14:09:56: 
2026-02-15 14:09:56: ================================================================================
2026-02-15 14:09:56: [15/02/2026, 10:09:56] FUNCIONÁRIO
2026-02-15 14:09:56: 📞 Telefone: 559870035468
2026-02-15 14:09:56: 👤 Nome: (sem nome)
2026-02-15 14:09:56: 📋 Estado: EXPLICA_FUNCIONAMENTO
2026-02-15 14:09:56: ⚙️ Operação: Mensagem: "Olá, *Boa tarde Oap!* 😍🍧
2026-02-15 14:09:56: Que bom ver você de volta no *Espaço Açaí & Gelatos* 💜
2026-02-15 14:09:56: Dessa vez vamos montar seu pedido?"
2026-02-15 14:09:56: ================================================================================
2026-02-15 14:09:56: 
2026-02-15 14:09:56: 
2026-02-15 14:09:56: ================================================================================
2026-02-15 14:09:56: [15/02/2026, 10:09:56] ENVIADA
2026-02-15 14:09:56: 📞 Telefone: 559870035468
2026-02-15 14:09:56: 👤 Nome: Oap
2026-02-15 14:09:56: 📋 Estado: 3A_VIA
2026-02-15 14:09:56: ⚙️ Operação: Enviada mensagem de boas-vindas para cliente 3ª via (nome sem ultimo_pedido)
2026-02-15 14:09:56: ================================================================================
2026-02-15 14:09:56: 
2026-02-15 14:09:56: [3A_VIA] Enviando cardápio...
2026-02-15 14:09:59: [15/02/2026, 10:09:59] ℹ️ INFO: [FUNCIONÁRIO] Para: 559870035468@c.us | Tipo: image | Msg: "..."
2026-02-15 14:09:59: 
2026-02-15 14:09:59: ================================================================================
2026-02-15 14:09:59: [15/02/2026, 10:09:59] FUNCIONÁRIO
2026-02-15 14:09:59: 📞 Telefone: 559870035468
2026-02-15 14:09:59: 👤 Nome: (sem nome)
2026-02-15 14:09:59: 📋 Estado: EXPLICA_FUNCIONAMENTO
2026-02-15 14:09:59: ⚙️ Operação: Mensagem: ""
2026-02-15 14:09:59: ================================================================================
2026-02-15 14:09:59: 
2026-02-15 14:09:59: [3A_VIA] Enviando explicação do funcionamento...
2026-02-15 14:10:02: [15/02/2026, 10:10:02] ℹ️ INFO: [FUNCIONÁRIO] Para: 559870035468@c.us | Tipo: chat | Msg: "Só explicando rapidinho como funciona aqui 💡🍧
2026-02-15 14:10:02:   ..."
2026-02-15 14:10:02: 
2026-02-15 14:10:02: ================================================================================
2026-02-15 14:10:02: [15/02/2026, 10:10:02] FUNCIONÁRIO
2026-02-15 14:10:02: 📞 Telefone: 559870035468
2026-02-15 14:10:02: 👤 Nome: (sem nome)
2026-02-15 14:10:02: 📋 Estado: EXPLICA_FUNCIONAMENTO
2026-02-15 14:10:02: ⚙️ Operação: Mensagem: "Só explicando rapidinho como funciona aqui 💡🍧
2026-02-15 14:10:02:    *1.* Você escolhe seu açaí pelo whatsapp
2026-02-15 14:10:02:    *2.* Montamos e pesamos na balança
2026-02-15 14:10:02:    *3.* Te enviamos a foto do seu pedido 📸✅
2026-02-15 14:10:02:    *4.* O valor final é a soma do peso + taxa de entrega (caso escolha delivery)
2026-02-15 14:10:02: Como você prefere seguir?
2026-02-15 14:10:02: *❯ 1-* 🤔 Tenho dúvidas
2026-02-15 14:10:02: *❯ 2-* 📍 Taxas de entrega
2026-02-15 14:10:02: *❯ 3-* 📝 Montar meu pedido"
2026-02-15 14:10:02: ================================================================================
2026-02-15 14:10:02: 
2026-02-15 14:10:02: 
2026-02-15 14:10:02: ================================================================================
2026-02-15 14:10:02: [15/02/2026, 10:10:02] ENVIADA
2026-02-15 14:10:02: 📞 Telefone: 559870035468@c.us
2026-02-15 14:10:02: 👤 Nome: Oap
2026-02-15 14:10:02: 📋 Estado: EXPLICA_FUNCIONAMENTO
2026-02-15 14:10:02: ⚙️ Operação: Explicado funcionamento (Prompt 7 - com taxas)
2026-02-15 14:10:02: ================================================================================
2026-02-15 14:10:02: 
2026-02-15 14:10:02: 
2026-02-15 14:10:02: ================================================================================
2026-02-15 14:10:02: [15/02/2026, 10:10:02] ENVIADA
2026-02-15 14:10:02: 📞 Telefone: 559870035468
2026-02-15 14:10:02: 👤 Nome: Oap
2026-02-15 14:10:02: 📋 Estado: EXPLICA_FUNCIONAMENTO
2026-02-15 14:10:02: ⚙️ Operação: Cardápio enviado automaticamente para cliente 3ª via
2026-02-15 14:10:02: ================================================================================
2026-02-15 14:10:02: 
2026-02-15 14:13:08: [15/02/2026, 10:13:08] ℹ️ INFO: [MSG] De: 559870035468@c.us | Tipo: chat | Mídia: false | Audio: false
2026-02-15 14:13:10: [15/02/2026, 10:13:10] ℹ️ INFO: [FUNCIONÁRIO] Para: 559870035468@c.us | Tipo: chat | Msg: "Atendimento encerrado ✅
2026-02-15 14:13:10: Quando quiser pedir novame..."
2026-02-15 14:13:10: [15/02/2026, 10:13:10] ℹ️ INFO: [FUNCIONÁRIO] Mensagem para 559870035468@c.us - Sem sessão ativa
2026-02-15 14:13:10: 
2026-02-15 14:13:10: ================================================================================
2026-02-15 14:13:10: [15/02/2026, 10:13:10] OPERAÇÃO
2026-02-15 14:13:10: 📞 Telefone: 559870035468
2026-02-15 14:13:10: 👤 Nome: Oap
2026-02-15 14:13:10: 📋 Estado: STOPACAI_DESISTENCIA
2026-02-15 14:13:10: ⚙️ Operação: Cliente com nome registrado encerrou - sem aviso ao admin, sem reiniciar fluxo
2026-02-15 14:13:10: ================================================================================
2026-02-15 14:13:10: 
2026-02-15 14:13:12: [15/02/2026, 10:13:12] ℹ️ INFO: [MSG] De: 559870035468@c.us | Tipo: chat | Mídia: false | Audio: false
2026-02-15 14:13:12: 
2026-02-15 14:13:12: [HORÁRIO CHECK] ============================================
2026-02-15 14:13:12: [HORÁRIO CHECK] Telefone: 559870035468@c.us
2026-02-15 14:13:12: [HORÁRIO CHECK] Tem sessão ativa: NÃO
2026-02-15 14:13:12: [HORÁRIO CHECK] Estado atual: NENHUM
2026-02-15 14:13:12: [HORÁRIO CHECK] É cliente no BD: SIM
2026-02-15 14:13:12: [HORÁRIO CHECK] Mensagem: "Oi"
2026-02-15 14:13:12: [HORÁRIO CHECK] É modo teste (mensagem): false
2026-02-15 14:13:12: [HORÁRIO CHECK] Sessão em modo teste: NÃO
2026-02-15 14:13:12: [HORÁRIO] Servidor: 2026-02-15T13:13:12.779Z | Brasil (America/Fortaleza): 10:13 | Decimal: 10.22 | Aberto: 9-22.5 | Resultado: ABERTO ✅
2026-02-15 14:13:12: [HORÁRIO CHECK] ✅ Horário OK ou modo teste - continuando fluxo
2026-02-15 14:13:12: [HORÁRIO CHECK] ============================================
2026-02-15 14:13:12: 
2026-02-15 14:13:12: 
2026-02-15 14:13:12: ================================================================================
2026-02-15 14:13:12: [15/02/2026, 10:13:12] RECEBIDA
2026-02-15 14:13:12: 📞 Telefone: 559870035468
2026-02-15 14:13:12: 👤 Nome: Oap
2026-02-15 14:13:12: 📋 Estado: SEM_ESTADO
2026-02-15 14:13:12: ⚙️ Operação: Mensagem: "Oi" | Áudio: false | Mídia: false
2026-02-15 14:13:12: ================================================================================
2026-02-15 14:13:12: 
2026-02-15 14:13:12: [DB] temPedidoAnterior(559870035468@c.us): false - ultimo_pedido é null
2026-02-15 14:13:12: 
2026-02-15 14:13:12: =================================================================
2026-02-15 14:13:12: [RECONHECIMENTO] 🔍 Verificando tipo de cliente no BD
2026-02-15 14:13:12: [RECONHECIMENTO] Telefone: 559870035468@c.us
2026-02-15 14:13:12: [RECONHECIMENTO] ----------------------------------------
2026-02-15 14:13:12: [RECONHECIMENTO] ✅ CLIENTE ENCONTRADO NO BD!
2026-02-15 14:13:12: [RECONHECIMENTO] -> primeiro_nome: "Oap"
2026-02-15 14:13:12: [RECONHECIMENTO] -> nome_completo: "Oap"
2026-02-15 14:13:12: [RECONHECIMENTO] -> endereco: "(vazio)"
2026-02-15 14:13:12: [RECONHECIMENTO] -> ultimo_pedido: SEM PEDIDO ❌
2026-02-15 14:13:12: [RECONHECIMENTO] -> pedidos_confirmados: 0
2026-02-15 14:13:12: [RECONHECIMENTO] ----------------------------------------
2026-02-15 14:13:12: [RECONHECIMENTO] isClienteAntigo(): true
2026-02-15 14:13:12: [RECONHECIMENTO] temPedidoAnterior(): false
2026-02-15 14:13:12: [RECONHECIMENTO] ----------------------------------------
2026-02-15 14:13:12: [RECONHECIMENTO] temNome: true
2026-02-15 14:13:12: [RECONHECIMENTO] CONDIÇÃO 1 (Cliente com nome + pedido): false 
2026-02-15 14:13:12: [RECONHECIMENTO] CONDIÇÃO 2 (3ª VIA - nome sem pedido): true ← APLICÁVEL
2026-02-15 14:13:12: [RECONHECIMENTO] CONDIÇÃO 3 (Cliente novo): false 
2026-02-15 14:13:12: =================================================================
2026-02-15 14:13:12: 
2026-02-15 14:13:12: [FLUXO] >>> Entrando na VIA 3: Cliente com nome mas SEM pedido (desistiu)
2026-02-15 14:13:12: [3A_VIA] Enviando mensagem: Olá, *Boa tarde Oap!* 😍🍧
2026-02-15 14:13:12: Que bom ver você de vol...
2026-02-15 14:13:14: [15/02/2026, 10:13:14] ℹ️ INFO: [FUNCIONÁRIO] Para: 559870035468@c.us | Tipo: chat | Msg: "Olá, *Boa tarde Oap!* 😍🍧
2026-02-15 14:13:14: Que bom ver você de vol..."
2026-02-15 14:13:14: 
2026-02-15 14:13:14: ================================================================================
2026-02-15 14:13:14: [15/02/2026, 10:13:14] FUNCIONÁRIO
2026-02-15 14:13:14: 📞 Telefone: 559870035468
2026-02-15 14:13:14: 👤 Nome: (sem nome)
2026-02-15 14:13:14: 📋 Estado: EXPLICA_FUNCIONAMENTO
2026-02-15 14:13:14: ⚙️ Operação: Mensagem: "Olá, *Boa tarde Oap!* 😍🍧
2026-02-15 14:13:14: Que bom ver você de volta no *Espaço Açaí & Gelatos* 💜
2026-02-15 14:13:14: Dessa vez vamos montar seu pedido?"
2026-02-15 14:13:14: ================================================================================
2026-02-15 14:13:14: 
2026-02-15 14:13:14: 
2026-02-15 14:13:14: ================================================================================
2026-02-15 14:13:14: [15/02/2026, 10:13:14] ENVIADA
2026-02-15 14:13:14: 📞 Telefone: 559870035468
2026-02-15 14:13:14: 👤 Nome: Oap
2026-02-15 14:13:14: 📋 Estado: 3A_VIA
2026-02-15 14:13:14: ⚙️ Operação: Enviada mensagem de boas-vindas para cliente 3ª via (nome sem ultimo_pedido)
2026-02-15 14:13:14: ================================================================================
2026-02-15 14:13:14: 
2026-02-15 14:13:14: [3A_VIA] Enviando cardápio...
2026-02-15 14:13:18: [15/02/2026, 10:13:18] ℹ️ INFO: [FUNCIONÁRIO] Para: 559870035468@c.us | Tipo: image | Msg: "..."
2026-02-15 14:13:18: 
2026-02-15 14:13:18: ================================================================================
2026-02-15 14:13:18: [15/02/2026, 10:13:18] FUNCIONÁRIO
2026-02-15 14:13:18: 📞 Telefone: 559870035468
2026-02-15 14:13:18: 👤 Nome: (sem nome)
2026-02-15 14:13:18: 📋 Estado: EXPLICA_FUNCIONAMENTO
2026-02-15 14:13:18: ⚙️ Operação: Mensagem: ""
2026-02-15 14:13:18: ================================================================================
2026-02-15 14:13:18: 
2026-02-15 14:13:18: [3A_VIA] Enviando explicação do funcionamento...
2026-02-15 14:13:20: [15/02/2026, 10:13:20] ℹ️ INFO: [FUNCIONÁRIO] Para: 559870035468@c.us | Tipo: chat | Msg: "Só explicando rapidinho como funciona aqui 💡🍧
2026-02-15 14:13:20:   ..."
2026-02-15 14:13:20: 
2026-02-15 14:13:20: ================================================================================
2026-02-15 14:13:20: [15/02/2026, 10:13:20] FUNCIONÁRIO
2026-02-15 14:13:20: 📞 Telefone: 559870035468
2026-02-15 14:13:20: 👤 Nome: (sem nome)
2026-02-15 14:13:20: 📋 Estado: EXPLICA_FUNCIONAMENTO
2026-02-15 14:13:20: ⚙️ Operação: Mensagem: "Só explicando rapidinho como funciona aqui 💡🍧
2026-02-15 14:13:20:    *1.* Você escolhe seu açaí pelo whatsapp
2026-02-15 14:13:20:    *2.* Montamos e pesamos na balança
2026-02-15 14:13:20:    *3.* Te enviamos a foto do seu pedido 📸✅
2026-02-15 14:13:20:    *4.* O valor final é a soma do peso + taxa de entrega (caso escolha delivery)
2026-02-15 14:13:20: Como você prefere seguir?
2026-02-15 14:13:20: *❯ 1-* 🤔 Tenho dúvidas
2026-02-15 14:13:20: *❯ 2-* 📍 Taxas de entrega
2026-02-15 14:13:20: *❯ 3-* 📝 Montar meu pedido"
2026-02-15 14:13:20: ================================================================================
2026-02-15 14:13:20: 
2026-02-15 14:13:20: 
2026-02-15 14:13:20: ================================================================================
2026-02-15 14:13:20: [15/02/2026, 10:13:20] ENVIADA
2026-02-15 14:13:20: 📞 Telefone: 559870035468@c.us
2026-02-15 14:13:20: 👤 Nome: Oap
2026-02-15 14:13:20: 📋 Estado: EXPLICA_FUNCIONAMENTO
2026-02-15 14:13:20: ⚙️ Operação: Explicado funcionamento (Prompt 7 - com taxas)
2026-02-15 14:13:20: ================================================================================
2026-02-15 14:13:20: 
2026-02-15 14:13:20: 
2026-02-15 14:13:20: ================================================================================
2026-02-15 14:13:20: [15/02/2026, 10:13:20] ENVIADA
2026-02-15 14:13:20: 📞 Telefone: 559870035468
2026-02-15 14:13:20: 👤 Nome: Oap
2026-02-15 14:13:20: 📋 Estado: EXPLICA_FUNCIONAMENTO
2026-02-15 14:13:20: ⚙️ Operação: Cardápio enviado automaticamente para cliente 3ª via
2026-02-15 14:13:20: ================================================================================
2026-02-15 14:13:20: 
2026-02-15 14:13:24: [15/02/2026, 10:13:24] ℹ️ INFO: [MSG] De: 559870035468@c.us | Tipo: chat | Mídia: false | Audio: false
2026-02-15 14:13:24: 
2026-02-15 14:13:24: [HORÁRIO CHECK] ============================================
2026-02-15 14:13:24: [HORÁRIO CHECK] Telefone: 559870035468@c.us
2026-02-15 14:13:24: [HORÁRIO CHECK] Tem sessão ativa: SIM
2026-02-15 14:13:24: [HORÁRIO CHECK] Estado atual: EXPLICA_FUNCIONAMENTO
2026-02-15 14:13:24: [HORÁRIO CHECK] É cliente no BD: SIM
2026-02-15 14:13:24: [HORÁRIO CHECK] Mensagem: "3"
2026-02-15 14:13:24: [HORÁRIO CHECK] É modo teste (mensagem): false
2026-02-15 14:13:24: [HORÁRIO CHECK] Sessão em modo teste: NÃO
2026-02-15 14:13:24: [HORÁRIO] Servidor: 2026-02-15T13:13:24.439Z | Brasil (America/Fortaleza): 10:13 | Decimal: 10.22 | Aberto: 9-22.5 | Resultado: ABERTO ✅
2026-02-15 14:13:24: [HORÁRIO CHECK] ✅ Horário OK ou modo teste - continuando fluxo
2026-02-15 14:13:24: [HORÁRIO CHECK] ============================================
2026-02-15 14:13:24: 
2026-02-15 14:13:24: 
2026-02-15 14:13:24: ================================================================================
2026-02-15 14:13:24: [15/02/2026, 10:13:24] RECEBIDA
2026-02-15 14:13:24: 📞 Telefone: 559870035468
2026-02-15 14:13:24: 👤 Nome: Oap
2026-02-15 14:13:24: 📋 Estado: EXPLICA_FUNCIONAMENTO
2026-02-15 14:13:24: ⚙️ Operação: Mensagem: "3" | Áudio: false | Mídia: false
2026-02-15 14:13:24: ================================================================================
2026-02-15 14:13:24: 
2026-02-15 14:13:25: [15/02/2026, 10:13:25] ℹ️ INFO: [MSG] De: 559870035468@c.us | Tipo: chat | Mídia: false | Audio: false
2026-02-15 14:13:25: 
2026-02-15 14:13:25: [HORÁRIO CHECK] ============================================
2026-02-15 14:13:25: [HORÁRIO CHECK] Telefone: 559870035468@c.us
2026-02-15 14:13:25: [HORÁRIO CHECK] Tem sessão ativa: SIM
2026-02-15 14:13:25: [HORÁRIO CHECK] Estado atual: BUILD_START
2026-02-15 14:13:25: [HORÁRIO CHECK] É cliente no BD: SIM
2026-02-15 14:13:25: [HORÁRIO CHECK] Mensagem: "1"
2026-02-15 14:13:25: [HORÁRIO CHECK] É modo teste (mensagem): false
2026-02-15 14:13:25: [HORÁRIO CHECK] Sessão em modo teste: NÃO
2026-02-15 14:13:25: [HORÁRIO] Servidor: 2026-02-15T13:13:25.685Z | Brasil (America/Fortaleza): 10:13 | Decimal: 10.22 | Aberto: 9-22.5 | Resultado: ABERTO ✅
2026-02-15 14:13:25: [HORÁRIO CHECK] ✅ Horário OK ou modo teste - continuando fluxo
2026-02-15 14:13:25: [HORÁRIO CHECK] ============================================
2026-02-15 14:13:25: 
2026-02-15 14:13:25: 
2026-02-15 14:13:25: ================================================================================
2026-02-15 14:13:25: [15/02/2026, 10:13:25] RECEBIDA
2026-02-15 14:13:25: 📞 Telefone: 559870035468
2026-02-15 14:13:25: 👤 Nome: Oap
2026-02-15 14:13:25: 📋 Estado: BUILD_START
2026-02-15 14:13:25: ⚙️ Operação: Mensagem: "1" | Áudio: false | Mídia: false
2026-02-15 14:13:25: ================================================================================
2026-02-15 14:13:25: 
2026-02-15 14:13:26: [15/02/2026, 10:13:26] ℹ️ INFO: [FUNCIONÁRIO] Para: 559870035468@c.us | Tipo: chat | Msg: "*Oap* vou te fazer algumas perguntas pra montar se..."
2026-02-15 14:13:26: 
2026-02-15 14:13:26: ================================================================================
2026-02-15 14:13:26: [15/02/2026, 10:13:26] FUNCIONÁRIO
2026-02-15 14:13:26: 📞 Telefone: 559870035468
2026-02-15 14:13:26: 👤 Nome: (sem nome)
2026-02-15 14:13:26: 📋 Estado: BUILD_START
2026-02-15 14:13:26: ⚙️ Operação: Mensagem: "*Oap* vou te fazer algumas perguntas pra montar seu açaí. 😄"
2026-02-15 14:13:26: ================================================================================
2026-02-15 14:13:26: 
2026-02-15 14:13:26: [15/02/2026, 10:13:26] ℹ️ INFO: [MSG] De: 559870035468@c.us | Tipo: chat | Mídia: false | Audio: false
2026-02-15 14:13:26: 
2026-02-15 14:13:26: [HORÁRIO CHECK] ============================================
2026-02-15 14:13:26: [HORÁRIO CHECK] Telefone: 559870035468@c.us
2026-02-15 14:13:26: [HORÁRIO CHECK] Tem sessão ativa: SIM
2026-02-15 14:13:26: [HORÁRIO CHECK] Estado atual: BUILD_START
2026-02-15 14:13:26: [HORÁRIO CHECK] É cliente no BD: SIM
2026-02-15 14:13:26: [HORÁRIO CHECK] Mensagem: "1"
2026-02-15 14:13:26: [HORÁRIO CHECK] É modo teste (mensagem): false
2026-02-15 14:13:26: [HORÁRIO CHECK] Sessão em modo teste: NÃO
2026-02-15 14:13:26: [HORÁRIO] Servidor: 2026-02-15T13:13:26.721Z | Brasil (America/Fortaleza): 10:13 | Decimal: 10.22 | Aberto: 9-22.5 | Resultado: ABERTO ✅
2026-02-15 14:13:26: [HORÁRIO CHECK] ✅ Horário OK ou modo teste - continuando fluxo
2026-02-15 14:13:26: [HORÁRIO CHECK] ============================================
2026-02-15 14:13:26: 
2026-02-15 14:13:26: 
2026-02-15 14:13:26: ================================================================================
2026-02-15 14:13:26: [15/02/2026, 10:13:26] RECEBIDA
2026-02-15 14:13:26: 📞 Telefone: 559870035468
2026-02-15 14:13:26: 👤 Nome: Oap
2026-02-15 14:13:26: 📋 Estado: BUILD_START
2026-02-15 14:13:26: ⚙️ Operação: Mensagem: "1" | Áudio: false | Mídia: false
2026-02-15 14:13:26: ================================================================================
2026-02-15 14:13:26: 
2026-02-15 14:13:27: [15/02/2026, 10:13:27] ℹ️ INFO: [FUNCIONÁRIO] Para: 559870035468@c.us | Tipo: chat | Msg: "*Oap* vou te fazer algumas perguntas pra montar se..."
2026-02-15 14:13:27: 
2026-02-15 14:13:27: ================================================================================
2026-02-15 14:13:27: [15/02/2026, 10:13:27] FUNCIONÁRIO
2026-02-15 14:13:27: 📞 Telefone: 559870035468
2026-02-15 14:13:27: 👤 Nome: (sem nome)
2026-02-15 14:13:27: 📋 Estado: BUILD_SIZE
2026-02-15 14:13:27: ⚙️ Operação: Mensagem: "*Oap* vou te fazer algumas perguntas pra montar seu açaí. 😄"
2026-02-15 14:13:27: ================================================================================
2026-02-15 14:13:27: 
2026-02-15 14:13:28: [15/02/2026, 10:13:28] ℹ️ INFO: [FUNCIONÁRIO] Para: 559870035468@c.us | Tipo: chat | Msg: "*Oap* vou te fazer algumas perguntas pra montar se..."
2026-02-15 14:13:28: 
2026-02-15 14:13:28: ================================================================================
2026-02-15 14:13:28: [15/02/2026, 10:13:28] FUNCIONÁRIO
2026-02-15 14:13:28: 📞 Telefone: 559870035468
2026-02-15 14:13:28: 👤 Nome: (sem nome)
2026-02-15 14:13:28: 📋 Estado: BUILD_SIZE
2026-02-15 14:13:28: ⚙️ Operação: Mensagem: "*Oap* vou te fazer algumas perguntas pra montar seu açaí. 😄"
2026-02-15 14:13:28: ================================================================================
2026-02-15 14:13:28: 
2026-02-15 14:13:28: [15/02/2026, 10:13:28] ℹ️ INFO: [MSG] De: 559870035468@c.us | Tipo: chat | Mídia: false | Audio: false
2026-02-15 14:13:28: 
2026-02-15 14:13:28: [HORÁRIO CHECK] ============================================
2026-02-15 14:13:28: [HORÁRIO CHECK] Telefone: 559870035468@c.us
2026-02-15 14:13:28: [HORÁRIO CHECK] Tem sessão ativa: SIM
2026-02-15 14:13:28: [HORÁRIO CHECK] Estado atual: BUILD_SIZE
2026-02-15 14:13:28: [HORÁRIO CHECK] É cliente no BD: SIM
2026-02-15 14:13:28: [HORÁRIO CHECK] Mensagem: "3"
2026-02-15 14:13:28: [HORÁRIO CHECK] É modo teste (mensagem): false
2026-02-15 14:13:28: [HORÁRIO CHECK] Sessão em modo teste: NÃO
2026-02-15 14:13:28: [HORÁRIO] Servidor: 2026-02-15T13:13:28.391Z | Brasil (America/Fortaleza): 10:13 | Decimal: 10.22 | Aberto: 9-22.5 | Resultado: ABERTO ✅
2026-02-15 14:13:28: [HORÁRIO CHECK] ✅ Horário OK ou modo teste - continuando fluxo
2026-02-15 14:13:28: [HORÁRIO CHECK] ============================================
2026-02-15 14:13:28: 
2026-02-15 14:13:28: 
2026-02-15 14:13:28: ================================================================================
2026-02-15 14:13:28: [15/02/2026, 10:13:28] RECEBIDA
2026-02-15 14:13:28: 📞 Telefone: 559870035468
2026-02-15 14:13:28: 👤 Nome: Oap
2026-02-15 14:13:28: 📋 Estado: BUILD_SIZE
2026-02-15 14:13:28: ⚙️ Operação: Mensagem: "3" | Áudio: false | Mídia: false
2026-02-15 14:13:28: ================================================================================
2026-02-15 14:13:28: 
2026-02-15 14:13:28: 
2026-02-15 14:13:28: ================================================================================
2026-02-15 14:13:28: [15/02/2026, 10:13:28] OPERAÇÃO
2026-02-15 14:13:28: 📞 Telefone: 559870035468
2026-02-15 14:13:28: 👤 Nome: Oap
2026-02-15 14:13:28: 📋 Estado: BUILD_SIZE
2026-02-15 14:13:28: ⚙️ Operação: Tamanho selecionado: Marmita 700ml
2026-02-15 14:13:28: ================================================================================
2026-02-15 14:13:28: 
2026-02-15 14:13:28: [15/02/2026, 10:13:28] ℹ️ INFO: [FUNCIONÁRIO] Para: 559870035468@c.us | Tipo: chat | Msg: "Primeiro: escolha o *tamanho* 🥛
2026-02-15 14:13:28: 
2026-02-15 14:13:28: 1. Marmita 300ml..."
2026-02-15 14:13:28: 
2026-02-15 14:13:28: ================================================================================
2026-02-15 14:13:28: [15/02/2026, 10:13:28] FUNCIONÁRIO
2026-02-15 14:13:28: 📞 Telefone: 559870035468
2026-02-15 14:13:28: 👤 Nome: (sem nome)
2026-02-15 14:13:28: 📋 Estado: BUILD_SIZE
2026-02-15 14:13:28: ⚙️ Operação: Mensagem: "Primeiro: escolha o *tamanho* 🥛
2026-02-15 14:13:28: 
2026-02-15 14:13:28: 1. Marmita 300ml
2026-02-15 14:13:28: 2. Marmita 500ml
2026-02-15 14:13:28: 3. Marmita 700ml
2026-02-15 14:13:28: 4. Copo 300ml
2026-02-15 14:13:28: 5. Copo 400ml
2026-02-15 14:13:28: 6. Copo 500ml
2026-02-15 14:13:28: 
2026-02-15 14:13:28: *❯*  Digite o número (ex.: *1*)"
2026-02-15 14:13:28: ================================================================================
2026-02-15 14:13:28: 
2026-02-15 14:13:28: 
2026-02-15 14:13:28: ================================================================================
2026-02-15 14:13:28: [15/02/2026, 10:13:28] OPERAÇÃO
2026-02-15 14:13:28: 📞 Telefone: 559870035468
2026-02-15 14:13:28: 👤 Nome: Oap
2026-02-15 14:13:28: 📋 Estado: BUILD_START
2026-02-15 14:13:28: ⚙️ Operação: Iniciada montagem do Açaí #1
2026-02-15 14:13:28: ================================================================================
2026-02-15 14:13:28: 
2026-02-15 14:13:28: 
2026-02-15 14:13:28: ================================================================================
2026-02-15 14:13:28: [15/02/2026, 10:13:28] ENVIADA
2026-02-15 14:13:28: 📞 Telefone: 559870035468
2026-02-15 14:13:28: 👤 Nome: Oap
2026-02-15 14:13:28: 📋 Estado: EXPLICA_FUNCIONAMENTO
2026-02-15 14:13:28: ⚙️ Operação: Cliente escolheu: Montar pedido
2026-02-15 14:13:28: ================================================================================
2026-02-15 14:13:28: 
2026-02-15 14:13:29: [15/02/2026, 10:13:29] ℹ️ INFO: [FUNCIONÁRIO] Para: 559870035468@c.us | Tipo: chat | Msg: "Agora escolha os *sabores de açaí/cremes* 🍧
2026-02-15 14:13:29: (você..."
2026-02-15 14:13:29: 
2026-02-15 14:13:29: ================================================================================
2026-02-15 14:13:29: [15/02/2026, 10:13:29] FUNCIONÁRIO
2026-02-15 14:13:29: 📞 Telefone: 559870035468
2026-02-15 14:13:29: 👤 Nome: (sem nome)
2026-02-15 14:13:29: 📋 Estado: BUILD_SIZE
2026-02-15 14:13:29: ⚙️ Operação: Mensagem: "Agora escolha os *sabores de açaí/cremes* 🍧
2026-02-15 14:13:29: (você pode escolher mais de um)
2026-02-15 14:13:29: 
2026-02-15 14:13:29: 1. Açaí Master
2026-02-15 14:13:29: 2. Açaí Fit
2026-02-15 14:13:29: 3. Creme de Maracujá
2026-02-15 14:13:29: 4. Creme de Morango
2026-02-15 14:13:29: 5. Creme de Cupuaçu
2026-02-15 14:13:29: 6. Creme de Bacuri
2026-02-15 14:13:29: 
2026-02-15 14:13:29: Como responder:
2026-02-15 14:13:29: *❯*  Um sabor: *1*
2026-02-15 14:13:29: *❯*  Vários: *1,3,5*
2026-02-15 14:13:29: *❯*  *0*- para pular
2026-02-15 14:13:29: *❯*  *V*- para voltar"
2026-02-15 14:13:29: ================================================================================
2026-02-15 14:13:29: 
2026-02-15 14:13:29: [15/02/2026, 10:13:29] ℹ️ INFO: [FUNCIONÁRIO] Para: 559870035468@c.us | Tipo: chat | Msg: "Primeiro: escolha o *tamanho* 🥛
2026-02-15 14:13:29: 
2026-02-15 14:13:29: 1. Marmita 300ml..."
2026-02-15 14:13:29: 
2026-02-15 14:13:29: ================================================================================
2026-02-15 14:13:29: [15/02/2026, 10:13:29] FUNCIONÁRIO
2026-02-15 14:13:29: 📞 Telefone: 559870035468
2026-02-15 14:13:29: 👤 Nome: (sem nome)
2026-02-15 14:13:29: 📋 Estado: BUILD_SIZE
2026-02-15 14:13:29: ⚙️ Operação: Mensagem: "Primeiro: escolha o *tamanho* 🥛
2026-02-15 14:13:29: 
2026-02-15 14:13:29: 1. Marmita 300ml
2026-02-15 14:13:29: 2. Marmita 500ml
2026-02-15 14:13:29: 3. Marmita 700ml
2026-02-15 14:13:29: 4. Copo 300ml
2026-02-15 14:13:29: 5. Copo 400ml
2026-02-15 14:13:29: 6. Copo 500ml
2026-02-15 14:13:29: 
2026-02-15 14:13:29: *❯*  Digite o número (ex.: *1*)"
2026-02-15 14:13:29: ================================================================================
2026-02-15 14:13:29: 
2026-02-15 14:13:30: 
2026-02-15 14:13:30: ================================================================================
2026-02-15 14:13:30: [15/02/2026, 10:13:30] OPERAÇÃO
2026-02-15 14:13:30: 📞 Telefone: 559870035468
2026-02-15 14:13:30: 👤 Nome: Oap
2026-02-15 14:13:30: 📋 Estado: BUILD_START
2026-02-15 14:13:30: ⚙️ Operação: Iniciada montagem do Açaí #1
2026-02-15 14:13:30: ================================================================================
2026-02-15 14:13:30: 
2026-02-15 14:13:30: [15/02/2026, 10:13:30] ℹ️ INFO: [FUNCIONÁRIO] Para: 559870035468@c.us | Tipo: chat | Msg: "Primeiro: escolha o *tamanho* 🥛
2026-02-15 14:13:30: 
2026-02-15 14:13:30: 1. Marmita 300ml..."
2026-02-15 14:13:30: 
2026-02-15 14:13:30: ================================================================================
2026-02-15 14:13:30: [15/02/2026, 10:13:30] FUNCIONÁRIO
2026-02-15 14:13:30: 📞 Telefone: 559870035468
2026-02-15 14:13:30: 👤 Nome: (sem nome)
2026-02-15 14:13:30: 📋 Estado: BUILD_SIZE
2026-02-15 14:13:30: ⚙️ Operação: Mensagem: "Primeiro: escolha o *tamanho* 🥛
2026-02-15 14:13:30: 
2026-02-15 14:13:30: 1. Marmita 300ml
2026-02-15 14:13:30: 2. Marmita 500ml
2026-02-15 14:13:30: 3. Marmita 700ml
2026-02-15 14:13:30: 4. Copo 300ml
2026-02-15 14:13:30: 5. Copo 400ml
2026-02-15 14:13:30: 6. Copo 500ml
2026-02-15 14:13:30: 
2026-02-15 14:13:30: *❯*  Digite o número (ex.: *1*)"
2026-02-15 14:13:30: ================================================================================
2026-02-15 14:13:30: 
2026-02-15 14:13:30: 
2026-02-15 14:13:30: ================================================================================
2026-02-15 14:13:30: [15/02/2026, 10:13:30] OPERAÇÃO
2026-02-15 14:13:30: 📞 Telefone: 559870035468
2026-02-15 14:13:30: 👤 Nome: Oap
2026-02-15 14:13:30: 📋 Estado: BUILD_START
2026-02-15 14:13:30: ⚙️ Operação: Iniciada montagem do Açaí #1
2026-02-15 14:13:30: ================================================================================
2026-02-15 14:13:30: 
2026-02-15 14:13:40: [15/02/2026, 10:13:40] ℹ️ INFO: [MSG] De: 559870035468@c.us | Tipo: chat | Mídia: false | Audio: false
2026-02-15 14:13:40: 
2026-02-15 14:13:40: [HORÁRIO CHECK] ============================================
2026-02-15 14:13:40: [HORÁRIO CHECK] Telefone: 559870035468@c.us
2026-02-15 14:13:40: [HORÁRIO CHECK] Tem sessão ativa: SIM
2026-02-15 14:13:40: [HORÁRIO CHECK] Estado atual: BUILD_SIZE
2026-02-15 14:13:40: [HORÁRIO CHECK] É cliente no BD: SIM
2026-02-15 14:13:40: [HORÁRIO CHECK] Mensagem: "1"
2026-02-15 14:13:40: [HORÁRIO CHECK] É modo teste (mensagem): false
2026-02-15 14:13:40: [HORÁRIO CHECK] Sessão em modo teste: NÃO
2026-02-15 14:13:40: [HORÁRIO] Servidor: 2026-02-15T13:13:40.512Z | Brasil (America/Fortaleza): 10:13 | Decimal: 10.22 | Aberto: 9-22.5 | Resultado: ABERTO ✅
2026-02-15 14:13:40: [HORÁRIO CHECK] ✅ Horário OK ou modo teste - continuando fluxo
2026-02-15 14:13:40: [HORÁRIO CHECK] ============================================
2026-02-15 14:13:40: 
2026-02-15 14:13:40: 
2026-02-15 14:13:40: ================================================================================
2026-02-15 14:13:40: [15/02/2026, 10:13:40] RECEBIDA
2026-02-15 14:13:40: 📞 Telefone: 559870035468
2026-02-15 14:13:40: 👤 Nome: Oap
2026-02-15 14:13:40: 📋 Estado: BUILD_SIZE
2026-02-15 14:13:40: ⚙️ Operação: Mensagem: "1" | Áudio: false | Mídia: false
2026-02-15 14:13:40: ================================================================================
2026-02-15 14:13:40: 
2026-02-15 14:13:40: 
2026-02-15 14:13:40: ================================================================================
2026-02-15 14:13:40: [15/02/2026, 10:13:40] OPERAÇÃO
2026-02-15 14:13:40: 📞 Telefone: 559870035468
2026-02-15 14:13:40: 👤 Nome: Oap
2026-02-15 14:13:40: 📋 Estado: BUILD_SIZE
2026-02-15 14:13:40: ⚙️ Operação: Tamanho selecionado: Marmita 300ml
2026-02-15 14:13:40: ================================================================================
2026-02-15 14:13:40: 
2026-02-15 14:13:42: [15/02/2026, 10:13:42] ℹ️ INFO: [FUNCIONÁRIO] Para: 559870035468@c.us | Tipo: chat | Msg: "Agora escolha os *sabores de açaí/cremes* 🍧
2026-02-15 14:13:42: (você..."
2026-02-15 14:13:42: 
2026-02-15 14:13:42: ================================================================================
2026-02-15 14:13:42: [15/02/2026, 10:13:42] FUNCIONÁRIO
2026-02-15 14:13:42: 📞 Telefone: 559870035468
2026-02-15 14:13:42: 👤 Nome: (sem nome)
2026-02-15 14:13:42: 📋 Estado: BUILD_ACAI
2026-02-15 14:13:42: ⚙️ Operação: Mensagem: "Agora escolha os *sabores de açaí/cremes* 🍧
2026-02-15 14:13:42: (você pode escolher mais de um)
2026-02-15 14:13:42: 
2026-02-15 14:13:42: 1. Açaí Master
2026-02-15 14:13:42: 2. Açaí Fit
2026-02-15 14:13:42: 3. Creme de Maracujá
2026-02-15 14:13:42: 4. Creme de Morango
2026-02-15 14:13:42: 5. Creme de Cupuaçu
2026-02-15 14:13:42: 6. Creme de Bacuri
2026-02-15 14:13:42: 
2026-02-15 14:13:42: Como responder:
2026-02-15 14:13:42: *❯*  Um sabor: *1*
2026-02-15 14:13:42: *❯*  Vários: *1,3,5*
2026-02-15 14:13:42: *❯*  *0*- para pular
2026-02-15 14:13:42: *❯*  *V*- para voltar"
2026-02-15 14:13:42: ================================================================================
2026-02-15 14:13:42: 
2026-02-15 14:13:45: [15/02/2026, 10:13:45] ℹ️ INFO: [MSG] De: 559870035468@c.us | Tipo: chat | Mídia: false | Audio: false
2026-02-15 14:13:45: 
2026-02-15 14:13:45: [HORÁRIO CHECK] ============================================
2026-02-15 14:13:45: [HORÁRIO CHECK] Telefone: 559870035468@c.us
2026-02-15 14:13:45: [HORÁRIO CHECK] Tem sessão ativa: SIM
2026-02-15 14:13:45: [HORÁRIO CHECK] Estado atual: BUILD_ACAI
2026-02-15 14:13:45: [HORÁRIO CHECK] É cliente no BD: SIM
2026-02-15 14:13:45: [HORÁRIO CHECK] Mensagem: "1"
2026-02-15 14:13:45: [HORÁRIO CHECK] É modo teste (mensagem): false
2026-02-15 14:13:45: [HORÁRIO CHECK] Sessão em modo teste: NÃO
2026-02-15 14:13:45: [HORÁRIO] Servidor: 2026-02-15T13:13:45.713Z | Brasil (America/Fortaleza): 10:13 | Decimal: 10.22 | Aberto: 9-22.5 | Resultado: ABERTO ✅
2026-02-15 14:13:45: [HORÁRIO CHECK] ✅ Horário OK ou modo teste - continuando fluxo
2026-02-15 14:13:45: [HORÁRIO CHECK] ============================================
2026-02-15 14:13:45: 
2026-02-15 14:13:45: 
2026-02-15 14:13:45: ================================================================================
2026-02-15 14:13:45: [15/02/2026, 10:13:45] RECEBIDA
2026-02-15 14:13:45: 📞 Telefone: 559870035468
2026-02-15 14:13:45: 👤 Nome: Oap
2026-02-15 14:13:45: 📋 Estado: BUILD_ACAI
2026-02-15 14:13:45: ⚙️ Operação: Mensagem: "1" | Áudio: false | Mídia: false
2026-02-15 14:13:45: ================================================================================
2026-02-15 14:13:45: 
2026-02-15 14:13:45: 
2026-02-15 14:13:45: ================================================================================
2026-02-15 14:13:45: [15/02/2026, 10:13:45] OPERAÇÃO
2026-02-15 14:13:45: 📞 Telefone: 559870035468
2026-02-15 14:13:45: 👤 Nome: Oap
2026-02-15 14:13:45: 📋 Estado: BUILD_ACAI
2026-02-15 14:13:45: ⚙️ Operação: Açaís: Açaí Master
2026-02-15 14:13:45: ================================================================================
2026-02-15 14:13:45: 
2026-02-15 14:13:46: [15/02/2026, 10:13:46] ℹ️ INFO: [MSG] De: 559870035468@c.us | Tipo: chat | Mídia: false | Audio: false
2026-02-15 14:13:46: 
2026-02-15 14:13:46: [HORÁRIO CHECK] ============================================
2026-02-15 14:13:46: [HORÁRIO CHECK] Telefone: 559870035468@c.us
2026-02-15 14:13:46: [HORÁRIO CHECK] Tem sessão ativa: SIM
2026-02-15 14:13:46: [HORÁRIO CHECK] Estado atual: BUILD_GELATOS
2026-02-15 14:13:46: [HORÁRIO CHECK] É cliente no BD: SIM
2026-02-15 14:13:46: [HORÁRIO CHECK] Mensagem: "1"
2026-02-15 14:13:46: [HORÁRIO CHECK] É modo teste (mensagem): false
2026-02-15 14:13:46: [HORÁRIO CHECK] Sessão em modo teste: NÃO
2026-02-15 14:13:46: [HORÁRIO] Servidor: 2026-02-15T13:13:46.796Z | Brasil (America/Fortaleza): 10:13 | Decimal: 10.22 | Aberto: 9-22.5 | Resultado: ABERTO ✅
2026-02-15 14:13:46: [HORÁRIO CHECK] ✅ Horário OK ou modo teste - continuando fluxo
2026-02-15 14:13:46: [HORÁRIO CHECK] ============================================
2026-02-15 14:13:46: 
2026-02-15 14:13:46: 
2026-02-15 14:13:46: ================================================================================
2026-02-15 14:13:46: [15/02/2026, 10:13:46] RECEBIDA
2026-02-15 14:13:46: 📞 Telefone: 559870035468
2026-02-15 14:13:46: 👤 Nome: Oap
2026-02-15 14:13:46: 📋 Estado: BUILD_GELATOS
2026-02-15 14:13:46: ⚙️ Operação: Mensagem: "1" | Áudio: false | Mídia: false
2026-02-15 14:13:46: ================================================================================
2026-02-15 14:13:46: 
2026-02-15 14:13:46: 
2026-02-15 14:13:46: ================================================================================
2026-02-15 14:13:46: [15/02/2026, 10:13:46] OPERAÇÃO
2026-02-15 14:13:46: 📞 Telefone: 559870035468
2026-02-15 14:13:46: 👤 Nome: Oap
2026-02-15 14:13:46: 📋 Estado: BUILD_GELATOS
2026-02-15 14:13:46: ⚙️ Operação: Gelatos: Flocos
2026-02-15 14:13:46: ================================================================================
2026-02-15 14:13:46: 
2026-02-15 14:13:47: [15/02/2026, 10:13:47] ℹ️ INFO: [FUNCIONÁRIO] Para: 559870035468@c.us | Tipo: chat | Msg: "Quer adicionar *gelatos/sorvetes*? 🍦✨
2026-02-15 14:13:47: (Escolha qu..."
2026-02-15 14:13:47: 
2026-02-15 14:13:47: ================================================================================
2026-02-15 14:13:47: [15/02/2026, 10:13:47] FUNCIONÁRIO
2026-02-15 14:13:47: 📞 Telefone: 559870035468
2026-02-15 14:13:47: 👤 Nome: (sem nome)
2026-02-15 14:13:47: 📋 Estado: BUILD_FRUTAS
2026-02-15 14:13:47: ⚙️ Operação: Mensagem: "Quer adicionar *gelatos/sorvetes*? 🍦✨
2026-02-15 14:13:47: (Escolha quantos quiser)
2026-02-15 14:13:47: 
2026-02-15 14:13:47: *Tradicionais*
2026-02-15 14:13:47: 1. Flocos
2026-02-15 14:13:47: 2. Creme com Passas
2026-02-15 14:13:47: 3. Chocobelga
2026-02-15 14:13:47: 4. Unicórnio
2026-02-15 14:13:47: 
2026-02-15 14:13:47: *Cremes especiais*
2026-02-15 14:13:47: 5. Creme de Ovomaltine
2026-02-15 14:13:47: 6. Creme de Oreo
2026-02-15 14:13:47: 7. Creme de Ninho
2026-02-15 14:13:47: 
2026-02-15 14:13:47: Responda:
2026-02-15 14:13:47: *❯*  Um: *1*
2026-02-15 14:13:47: *❯*  Vários: *1,4,7*
2026-02-15 14:13:47: *❯*  *0*- pular | *V*- voltar"
2026-02-15 14:13:47: ================================================================================
2026-02-15 14:13:47: 
2026-02-15 14:13:48: [15/02/2026, 10:13:48] ℹ️ INFO: [FUNCIONÁRIO] Para: 559870035468@c.us | Tipo: chat | Msg: "Quer adicionar *frutas*? 🍓🍌
2026-02-15 14:13:48: (Escolha quantas qui..."
2026-02-15 14:13:48: 
2026-02-15 14:13:48: ================================================================================
2026-02-15 14:13:48: [15/02/2026, 10:13:48] FUNCIONÁRIO
2026-02-15 14:13:48: 📞 Telefone: 559870035468
2026-02-15 14:13:48: 👤 Nome: (sem nome)
2026-02-15 14:13:48: 📋 Estado: BUILD_FRUTAS
2026-02-15 14:13:48: ⚙️ Operação: Mensagem: "Quer adicionar *frutas*? 🍓🍌
2026-02-15 14:13:48: (Escolha quantas quiser)
2026-02-15 14:13:48: 
2026-02-15 14:13:48: 1. Banana
2026-02-15 14:13:48: 2. Morango
2026-02-15 14:13:48: 3. Kiwi
2026-02-15 14:13:48: 4. Uva
2026-02-15 14:13:48: 
2026-02-15 14:13:48: *❯*  Responda: *1* ou *1,2*
2026-02-15 14:13:48: *❯*  *0*- pular | *V*- voltar"
2026-02-15 14:13:48: ================================================================================
2026-02-15 14:13:48: 
2026-02-15 14:13:48: [15/02/2026, 10:13:48] ℹ️ INFO: [MSG] De: 559870035468@c.us | Tipo: chat | Mídia: false | Audio: false
2026-02-15 14:13:48: 
2026-02-15 14:13:48: [HORÁRIO CHECK] ============================================
2026-02-15 14:13:48: [HORÁRIO CHECK] Telefone: 559870035468@c.us
2026-02-15 14:13:48: [HORÁRIO CHECK] Tem sessão ativa: SIM
2026-02-15 14:13:48: [HORÁRIO CHECK] Estado atual: BUILD_FRUTAS
2026-02-15 14:13:48: [HORÁRIO CHECK] É cliente no BD: SIM
2026-02-15 14:13:48: [HORÁRIO CHECK] Mensagem: "1"
2026-02-15 14:13:48: [HORÁRIO CHECK] É modo teste (mensagem): false
2026-02-15 14:13:48: [HORÁRIO CHECK] Sessão em modo teste: NÃO
2026-02-15 14:13:48: [HORÁRIO] Servidor: 2026-02-15T13:13:48.514Z | Brasil (America/Fortaleza): 10:13 | Decimal: 10.22 | Aberto: 9-22.5 | Resultado: ABERTO ✅
2026-02-15 14:13:48: [HORÁRIO CHECK] ✅ Horário OK ou modo teste - continuando fluxo
2026-02-15 14:13:48: [HORÁRIO CHECK] ============================================
2026-02-15 14:13:48: 
2026-02-15 14:13:48: 
2026-02-15 14:13:48: ================================================================================
2026-02-15 14:13:48: [15/02/2026, 10:13:48] RECEBIDA
2026-02-15 14:13:48: 📞 Telefone: 559870035468
2026-02-15 14:13:48: 👤 Nome: Oap
2026-02-15 14:13:48: 📋 Estado: BUILD_FRUTAS
2026-02-15 14:13:48: ⚙️ Operação: Mensagem: "1" | Áudio: false | Mídia: false
2026-02-15 14:13:48: ================================================================================
2026-02-15 14:13:48: 
2026-02-15 14:13:48: 
2026-02-15 14:13:48: ================================================================================
2026-02-15 14:13:48: [15/02/2026, 10:13:48] OPERAÇÃO
2026-02-15 14:13:48: 📞 Telefone: 559870035468
2026-02-15 14:13:48: 👤 Nome: Oap
2026-02-15 14:13:48: 📋 Estado: BUILD_FRUTAS
2026-02-15 14:13:48: ⚙️ Operação: Frutas: Banana
2026-02-15 14:13:48: ================================================================================
2026-02-15 14:13:48: 
2026-02-15 14:13:49: [15/02/2026, 10:13:49] ℹ️ INFO: [MSG] De: 559870035468@c.us | Tipo: chat | Mídia: false | Audio: false
2026-02-15 14:13:49: 
2026-02-15 14:13:49: [HORÁRIO CHECK] ============================================
2026-02-15 14:13:49: [HORÁRIO CHECK] Telefone: 559870035468@c.us
2026-02-15 14:13:49: [HORÁRIO CHECK] Tem sessão ativa: SIM
2026-02-15 14:13:49: [HORÁRIO CHECK] Estado atual: BUILD_COMPLEMENTOS
2026-02-15 14:13:49: [HORÁRIO CHECK] É cliente no BD: SIM
2026-02-15 14:13:49: [HORÁRIO CHECK] Mensagem: "1"
2026-02-15 14:13:49: [HORÁRIO CHECK] É modo teste (mensagem): false
2026-02-15 14:13:49: [HORÁRIO CHECK] Sessão em modo teste: NÃO
2026-02-15 14:13:49: [HORÁRIO] Servidor: 2026-02-15T13:13:49.709Z | Brasil (America/Fortaleza): 10:13 | Decimal: 10.22 | Aberto: 9-22.5 | Resultado: ABERTO ✅
2026-02-15 14:13:49: [HORÁRIO CHECK] ✅ Horário OK ou modo teste - continuando fluxo
2026-02-15 14:13:49: [HORÁRIO CHECK] ============================================
2026-02-15 14:13:49: 
2026-02-15 14:13:49: 
2026-02-15 14:13:49: ================================================================================
2026-02-15 14:13:49: [15/02/2026, 10:13:49] RECEBIDA
2026-02-15 14:13:49: 📞 Telefone: 559870035468
2026-02-15 14:13:49: 👤 Nome: Oap
2026-02-15 14:13:49: 📋 Estado: BUILD_COMPLEMENTOS
2026-02-15 14:13:49: ⚙️ Operação: Mensagem: "1" | Áudio: false | Mídia: false
2026-02-15 14:13:49: ================================================================================
2026-02-15 14:13:49: 
2026-02-15 14:13:49: 
2026-02-15 14:13:49: ================================================================================
2026-02-15 14:13:49: [15/02/2026, 10:13:49] OPERAÇÃO
2026-02-15 14:13:49: 📞 Telefone: 559870035468
2026-02-15 14:13:49: 👤 Nome: Oap
2026-02-15 14:13:49: 📋 Estado: BUILD_COMPLEMENTOS
2026-02-15 14:13:49: ⚙️ Operação: Complementos P1: Cereja em Calda
2026-02-15 14:13:49: ================================================================================
2026-02-15 14:13:49: 
2026-02-15 14:13:50: [15/02/2026, 10:13:50] ℹ️ INFO: [FUNCIONÁRIO] Para: 559870035468@c.us | Tipo: chat | Msg: "Agora os *complementos* 🍬✨
2026-02-15 14:13:50: (Parte 1 de 2)
2026-02-15 14:13:50: 
2026-02-15 14:13:50: 1. Cer..."
2026-02-15 14:13:50: 
2026-02-15 14:13:50: ================================================================================
2026-02-15 14:13:50: [15/02/2026, 10:13:50] FUNCIONÁRIO
2026-02-15 14:13:50: 📞 Telefone: 559870035468
2026-02-15 14:13:50: 👤 Nome: (sem nome)
2026-02-15 14:13:50: 📋 Estado: BUILD_COMPLEMENTOS_P2
2026-02-15 14:13:50: ⚙️ Operação: Mensagem: "Agora os *complementos* 🍬✨
2026-02-15 14:13:50: (Parte 1 de 2)
2026-02-15 14:13:50: 
2026-02-15 14:13:50: 1. Cereja em Calda
2026-02-15 14:13:50: 2. Morango em Calda
2026-02-15 14:13:50: 3. Doce de Leite
2026-02-15 14:13:50: 4. Nutella
2026-02-15 14:13:50: 5. Marshmallow
2026-02-15 14:13:50: 6. Tapioca
2026-02-15 14:13:50: 7. Flocos
2026-02-15 14:13:50: 8. M&M
2026-02-15 14:13:50: 
2026-02-15 14:13:50: *❯*  Responda: *1* ou *1,3,5*
2026-02-15 14:13:50: *❯*  *0*- pular | *V*- voltar"
2026-02-15 14:13:50: ================================================================================
2026-02-15 14:13:50: 
2026-02-15 14:13:51: [15/02/2026, 10:13:51] ℹ️ INFO: [FUNCIONÁRIO] Para: 559870035468@c.us | Tipo: chat | Msg: "*Complementos* 🍭 (Parte 2 de 2)
2026-02-15 14:13:51: 
2026-02-15 14:13:51: 9. Fine Amora
2026-02-15 14:13:51: 10..."
2026-02-15 14:13:51: 
2026-02-15 14:13:51: ================================================================================
2026-02-15 14:13:51: [15/02/2026, 10:13:51] FUNCIONÁRIO
2026-02-15 14:13:51: 📞 Telefone: 559870035468
2026-02-15 14:13:51: 👤 Nome: (sem nome)
2026-02-15 14:13:51: 📋 Estado: BUILD_COMPLEMENTOS_P2
2026-02-15 14:13:51: ⚙️ Operação: Mensagem: "*Complementos* 🍭 (Parte 2 de 2)
2026-02-15 14:13:51: 
2026-02-15 14:13:51: 9. Fine Amora
2026-02-15 14:13:51: 10. Fine Banana
2026-02-15 14:13:51: 11. Fine Dentadura
2026-02-15 14:13:51: 12. Jujuba
2026-02-15 14:13:51: 13. Bala de Gelatina
2026-02-15 14:13:51: 14. Cookies Branco
2026-02-15 14:13:51: 
2026-02-15 14:13:51: *❯*  Responda: *1* ou *1,3*
2026-02-15 14:13:51: *❯*  *0*- pular | *V*- voltar"
2026-02-15 14:13:51: ================================================================================
2026-02-15 14:13:51: 
2026-02-15 14:13:53: [15/02/2026, 10:13:53] ℹ️ INFO: [MSG] De: 559870035468@c.us | Tipo: chat | Mídia: false | Audio: false
2026-02-15 14:13:53: 
2026-02-15 14:13:53: [HORÁRIO CHECK] ============================================
2026-02-15 14:13:53: [HORÁRIO CHECK] Telefone: 559870035468@c.us
2026-02-15 14:13:53: [HORÁRIO CHECK] Tem sessão ativa: SIM
2026-02-15 14:13:53: [HORÁRIO CHECK] Estado atual: BUILD_COMPLEMENTOS_P2
2026-02-15 14:13:53: [HORÁRIO CHECK] É cliente no BD: SIM
2026-02-15 14:13:53: [HORÁRIO CHECK] Mensagem: "1"
2026-02-15 14:13:53: [HORÁRIO CHECK] É modo teste (mensagem): false
2026-02-15 14:13:53: [HORÁRIO CHECK] Sessão em modo teste: NÃO
2026-02-15 14:13:53: [HORÁRIO] Servidor: 2026-02-15T13:13:53.551Z | Brasil (America/Fortaleza): 10:13 | Decimal: 10.22 | Aberto: 9-22.5 | Resultado: ABERTO ✅
2026-02-15 14:13:53: [HORÁRIO CHECK] ✅ Horário OK ou modo teste - continuando fluxo
2026-02-15 14:13:53: [HORÁRIO CHECK] ============================================
2026-02-15 14:13:53: 
2026-02-15 14:13:53: 
2026-02-15 14:13:53: ================================================================================
2026-02-15 14:13:53: [15/02/2026, 10:13:53] RECEBIDA
2026-02-15 14:13:53: 📞 Telefone: 559870035468
2026-02-15 14:13:53: 👤 Nome: Oap
2026-02-15 14:13:53: 📋 Estado: BUILD_COMPLEMENTOS_P2
2026-02-15 14:13:53: ⚙️ Operação: Mensagem: "1" | Áudio: false | Mídia: false
2026-02-15 14:13:53: ================================================================================
2026-02-15 14:13:53: 
2026-02-15 14:13:53: 
2026-02-15 14:13:53: ================================================================================
2026-02-15 14:13:53: [15/02/2026, 10:13:53] OPERAÇÃO
2026-02-15 14:13:53: 📞 Telefone: 559870035468
2026-02-15 14:13:53: 👤 Nome: Oap
2026-02-15 14:13:53: 📋 Estado: BUILD_COMPLEMENTOS_P2
2026-02-15 14:13:53: ⚙️ Operação: Complementos P2: Cereja em Calda
2026-02-15 14:13:53: ================================================================================
2026-02-15 14:13:53: 
2026-02-15 14:13:54: [15/02/2026, 10:13:54] ℹ️ INFO: [MSG] De: 559870035468@c.us | Tipo: chat | Mídia: false | Audio: false
2026-02-15 14:13:54: 
2026-02-15 14:13:54: [HORÁRIO CHECK] ============================================
2026-02-15 14:13:54: [HORÁRIO CHECK] Telefone: 559870035468@c.us
2026-02-15 14:13:54: [HORÁRIO CHECK] Tem sessão ativa: SIM
2026-02-15 14:13:54: [HORÁRIO CHECK] Estado atual: BUILD_CALDAS
2026-02-15 14:13:54: [HORÁRIO CHECK] É cliente no BD: SIM
2026-02-15 14:13:54: [HORÁRIO CHECK] Mensagem: "0"
2026-02-15 14:13:54: [HORÁRIO CHECK] É modo teste (mensagem): false
2026-02-15 14:13:54: [HORÁRIO CHECK] Sessão em modo teste: NÃO
2026-02-15 14:13:54: [HORÁRIO] Servidor: 2026-02-15T13:13:54.868Z | Brasil (America/Fortaleza): 10:13 | Decimal: 10.22 | Aberto: 9-22.5 | Resultado: ABERTO ✅
2026-02-15 14:13:54: [HORÁRIO CHECK] ✅ Horário OK ou modo teste - continuando fluxo
2026-02-15 14:13:54: [HORÁRIO CHECK] ============================================
2026-02-15 14:13:54: 
2026-02-15 14:13:54: 
2026-02-15 14:13:54: ================================================================================
2026-02-15 14:13:54: [15/02/2026, 10:13:54] RECEBIDA
2026-02-15 14:13:54: 📞 Telefone: 559870035468
2026-02-15 14:13:54: 👤 Nome: Oap
2026-02-15 14:13:54: 📋 Estado: BUILD_CALDAS
2026-02-15 14:13:54: ⚙️ Operação: Mensagem: "0" | Áudio: false | Mídia: false
2026-02-15 14:13:54: ================================================================================
2026-02-15 14:13:54: 
2026-02-15 14:13:54: 
2026-02-15 14:13:54: ================================================================================
2026-02-15 14:13:54: [15/02/2026, 10:13:54] OPERAÇÃO
2026-02-15 14:13:54: 📞 Telefone: 559870035468
2026-02-15 14:13:54: 👤 Nome: Oap
2026-02-15 14:13:54: 📋 Estado: BUILD_CALDAS
2026-02-15 14:13:54: ⚙️ Operação: Caldas: nenhum
2026-02-15 14:13:54: ================================================================================
2026-02-15 14:13:54: 
2026-02-15 14:13:55: [15/02/2026, 10:13:55] ℹ️ INFO: [FUNCIONÁRIO] Para: 559870035468@c.us | Tipo: chat | Msg: "Por último, quer adicionar *caldas*? 🍯
2026-02-15 14:13:55: 
2026-02-15 14:13:55: 1. Pistac..."
2026-02-15 14:13:55: 
2026-02-15 14:13:55: ================================================================================
2026-02-15 14:13:55: [15/02/2026, 10:13:55] FUNCIONÁRIO
2026-02-15 14:13:55: 📞 Telefone: 559870035468
2026-02-15 14:13:55: 👤 Nome: (sem nome)
2026-02-15 14:13:55: 📋 Estado: ADD_MORE
2026-02-15 14:13:55: ⚙️ Operação: Mensagem: "Por último, quer adicionar *caldas*? 🍯
2026-02-15 14:13:55: 
2026-02-15 14:13:55: 1. Pistache
2026-02-15 14:13:55: 2. Mágica
2026-02-15 14:13:55: 3. Mágica ao Leite
2026-02-15 14:13:55: 
2026-02-15 14:13:55: *❯*  Responda: *1* ou *1,2*
2026-02-15 14:13:55: *❯*  *0*- pular | *V*- voltar"
2026-02-15 14:13:55: ================================================================================
2026-02-15 14:13:55: 
2026-02-15 14:13:56: [15/02/2026, 10:13:56] ℹ️ INFO: [FUNCIONÁRIO] Para: 559870035468@c.us | Tipo: chat | Msg: "Pronto! 1º açai montado ✅🍧
2026-02-15 14:13:56: Quer adicionar *mais u..."
2026-02-15 14:13:56: 
2026-02-15 14:13:56: ================================================================================
2026-02-15 14:13:56: [15/02/2026, 10:13:56] FUNCIONÁRIO
2026-02-15 14:13:56: 📞 Telefone: 559870035468
2026-02-15 14:13:56: 👤 Nome: (sem nome)
2026-02-15 14:13:56: 📋 Estado: ADD_MORE
2026-02-15 14:13:56: ⚙️ Operação: Mensagem: "Pronto! 1º açai montado ✅🍧
2026-02-15 14:13:56: Quer adicionar *mais um açaí* ao pedido?
2026-02-15 14:13:56: *❯ 1-* ➕ Adicionar outro açaí
2026-02-15 14:13:56: *❯ 2-* ✅ Finalizar pedido"
2026-02-15 14:13:56: ================================================================================
2026-02-15 14:13:56: 
2026-02-15 14:13:59: [15/02/2026, 10:13:59] ℹ️ INFO: [MSG] De: 559870035468@c.us | Tipo: chat | Mídia: false | Audio: false
2026-02-15 14:13:59: 
2026-02-15 14:13:59: [HORÁRIO CHECK] ============================================
2026-02-15 14:13:59: [HORÁRIO CHECK] Telefone: 559870035468@c.us
2026-02-15 14:13:59: [HORÁRIO CHECK] Tem sessão ativa: SIM
2026-02-15 14:13:59: [HORÁRIO CHECK] Estado atual: ADD_MORE
2026-02-15 14:14:00: [HORÁRIO CHECK] É cliente no BD: SIM
2026-02-15 14:14:00: [HORÁRIO CHECK] Mensagem: "2"
2026-02-15 14:14:00: [HORÁRIO CHECK] É modo teste (mensagem): false
2026-02-15 14:14:00: [HORÁRIO CHECK] Sessão em modo teste: NÃO
2026-02-15 14:14:00: [HORÁRIO] Servidor: 2026-02-15T13:13:59.998Z | Brasil (America/Fortaleza): 10:13 | Decimal: 10.22 | Aberto: 9-22.5 | Resultado: ABERTO ✅
2026-02-15 14:14:00: [HORÁRIO CHECK] ✅ Horário OK ou modo teste - continuando fluxo
2026-02-15 14:14:00: [HORÁRIO CHECK] ============================================
2026-02-15 14:14:00: 
2026-02-15 14:14:00: 
2026-02-15 14:14:00: ================================================================================
2026-02-15 14:14:00: [15/02/2026, 10:13:59] RECEBIDA
2026-02-15 14:14:00: 📞 Telefone: 559870035468
2026-02-15 14:14:00: 👤 Nome: Oap
2026-02-15 14:14:00: 📋 Estado: ADD_MORE
2026-02-15 14:14:00: ⚙️ Operação: Mensagem: "2" | Áudio: false | Mídia: false
2026-02-15 14:14:00: ================================================================================
2026-02-15 14:14:00: 
2026-02-15 14:14:02: [15/02/2026, 10:14:02] ℹ️ INFO: [FUNCIONÁRIO] Para: 559870035468@c.us | Tipo: chat | Msg: "📋 *Resumo do seu pedido*
2026-02-15 14:14:02: 
2026-02-15 14:14:02: *Açaí 1* 🍧
2026-02-15 14:14:02: 📦 Tamanho:..."
2026-02-15 14:14:02: 
2026-02-15 14:14:02: ================================================================================
2026-02-15 14:14:02: [15/02/2026, 10:14:02] FUNCIONÁRIO
2026-02-15 14:14:02: 📞 Telefone: 559870035468
2026-02-15 14:14:02: 👤 Nome: (sem nome)
2026-02-15 14:14:02: 📋 Estado: REVIEW
2026-02-15 14:14:02: ⚙️ Operação: Mensagem: "📋 *Resumo do seu pedido*
2026-02-15 14:14:02: 
2026-02-15 14:14:02: *Açaí 1* 🍧
2026-02-15 14:14:02: 📦 Tamanho: *Marmita 300ml*
2026-02-15 14:14:02: 🍨 Açaí: *Açaí Master*
2026-02-15 14:14:02: 🍦 Gelatos: *Flocos*
2026-02-15 14:14:02: 🍓 Frutas: *Banana*
2026-02-15 14:14:02: 🍫 Complementos: *Cereja em Calda*
2026-02-15 14:14:02: 🍯 Caldas: *(não selecionado)*
2026-02-15 14:14:02: 
2026-02-15 14:14:02: *Preço base:* 1kg = R$ 70
2026-02-15 14:14:02: 
2026-02-15 14:14:02: O que deseja fazer?
2026-02-15 14:14:02: *❯ 1-* ✅ Confirmar pedido
2026-02-15 14:14:02: *❯ 2-* ✏️ Editar um açaí
2026-02-15 14:14:02: *❯ 3-* 🔄 Alterar meu nome"
2026-02-15 14:14:02: ================================================================================
2026-02-15 14:14:02: 
2026-02-15 14:14:02: 
2026-02-15 14:14:02: ================================================================================
2026-02-15 14:14:02: [15/02/2026, 10:14:02] OPERAÇÃO
2026-02-15 14:14:02: 📞 Telefone: 559870035468
2026-02-15 14:14:02: 👤 Nome: Oap
2026-02-15 14:14:02: 📋 Estado: ADD_MORE
2026-02-15 14:14:02: ⚙️ Operação: Cliente finalizando pedido
2026-02-15 14:14:02: ================================================================================
2026-02-15 14:14:02: 
2026-02-15 14:14:10: [15/02/2026, 10:14:10] ℹ️ INFO: [MSG] De: 559870035468@c.us | Tipo: chat | Mídia: false | Audio: false
2026-02-15 14:14:10: 
2026-02-15 14:14:10: [HORÁRIO CHECK] ============================================
2026-02-15 14:14:10: [HORÁRIO CHECK] Telefone: 559870035468@c.us
2026-02-15 14:14:10: [HORÁRIO CHECK] Tem sessão ativa: SIM
2026-02-15 14:14:10: [HORÁRIO CHECK] Estado atual: REVIEW
2026-02-15 14:14:10: [HORÁRIO CHECK] É cliente no BD: SIM
2026-02-15 14:14:10: [HORÁRIO CHECK] Mensagem: "3"
2026-02-15 14:14:10: [HORÁRIO CHECK] É modo teste (mensagem): false
2026-02-15 14:14:10: [HORÁRIO CHECK] Sessão em modo teste: NÃO
2026-02-15 14:14:10: [HORÁRIO] Servidor: 2026-02-15T13:14:10.824Z | Brasil (America/Fortaleza): 10:14 | Decimal: 10.23 | Aberto: 9-22.5 | Resultado: ABERTO ✅
2026-02-15 14:14:10: [HORÁRIO CHECK] ✅ Horário OK ou modo teste - continuando fluxo
2026-02-15 14:14:10: [HORÁRIO CHECK] ============================================
2026-02-15 14:14:10: 
2026-02-15 14:14:10: 
2026-02-15 14:14:10: ================================================================================
2026-02-15 14:14:10: [15/02/2026, 10:14:10] RECEBIDA
2026-02-15 14:14:10: 📞 Telefone: 559870035468
2026-02-15 14:14:10: 👤 Nome: Oap
2026-02-15 14:14:10: 📋 Estado: REVIEW
2026-02-15 14:14:10: ⚙️ Operação: Mensagem: "3" | Áudio: false | Mídia: false
2026-02-15 14:14:10: ================================================================================
2026-02-15 14:14:10: 
2026-02-15 14:14:12: [15/02/2026, 10:14:12] ℹ️ INFO: [FUNCIONÁRIO] Para: 559870035468@c.us | Tipo: chat | Msg: "Tudo bem 😊
2026-02-15 14:14:12: Me informe seu nome correto, por favor..."
2026-02-15 14:14:12: 
2026-02-15 14:14:12: ================================================================================
2026-02-15 14:14:12: [15/02/2026, 10:14:12] FUNCIONÁRIO
2026-02-15 14:14:12: 📞 Telefone: 559870035468
2026-02-15 14:14:12: 👤 Nome: (sem nome)
2026-02-15 14:14:12: 📋 Estado: REVIEW_ALTERAR_NOME
2026-02-15 14:14:12: ⚙️ Operação: Mensagem: "Tudo bem 😊
2026-02-15 14:14:12: Me informe seu nome correto, por favor."
2026-02-15 14:14:12: ================================================================================
2026-02-15 14:14:12: 
2026-02-15 14:14:12: 
2026-02-15 14:14:12: ================================================================================
2026-02-15 14:14:12: [15/02/2026, 10:14:12] OPERAÇÃO
2026-02-15 14:14:12: 📞 Telefone: 559870035468
2026-02-15 14:14:12: 👤 Nome: Oap
2026-02-15 14:14:12: 📋 Estado: REVIEW
2026-02-15 14:14:12: ⚙️ Operação: Cliente escolheu alterar nome
2026-02-15 14:14:12: ================================================================================
2026-02-15 14:14:12: 
2026-02-15 14:14:16: [15/02/2026, 10:14:16] ℹ️ INFO: [MSG] De: 559870035468@c.us | Tipo: chat | Mídia: false | Audio: false
2026-02-15 14:14:16: 
2026-02-15 14:14:16: [HORÁRIO CHECK] ============================================
2026-02-15 14:14:16: [HORÁRIO CHECK] Telefone: 559870035468@c.us
2026-02-15 14:14:16: [HORÁRIO CHECK] Tem sessão ativa: SIM
2026-02-15 14:14:16: [HORÁRIO CHECK] Estado atual: REVIEW_ALTERAR_NOME
2026-02-15 14:14:16: [HORÁRIO CHECK] É cliente no BD: SIM
2026-02-15 14:14:16: [HORÁRIO CHECK] Mensagem: "Ana Maria"
2026-02-15 14:14:16: [HORÁRIO CHECK] É modo teste (mensagem): false
2026-02-15 14:14:16: [HORÁRIO CHECK] Sessão em modo teste: NÃO
2026-02-15 14:14:16: [HORÁRIO] Servidor: 2026-02-15T13:14:16.729Z | Brasil (America/Fortaleza): 10:14 | Decimal: 10.23 | Aberto: 9-22.5 | Resultado: ABERTO ✅
2026-02-15 14:14:16: [HORÁRIO CHECK] ✅ Horário OK ou modo teste - continuando fluxo
2026-02-15 14:14:16: [HORÁRIO CHECK] ============================================
2026-02-15 14:14:16: 
2026-02-15 14:14:16: 
2026-02-15 14:14:16: ================================================================================
2026-02-15 14:14:16: [15/02/2026, 10:14:16] RECEBIDA
2026-02-15 14:14:16: 📞 Telefone: 559870035468
2026-02-15 14:14:16: 👤 Nome: Oap
2026-02-15 14:14:16: 📋 Estado: REVIEW_ALTERAR_NOME
2026-02-15 14:14:16: ⚙️ Operação: Mensagem: "Ana Maria" | Áudio: false | Mídia: false
2026-02-15 14:14:16: ================================================================================
2026-02-15 14:14:16: 
2026-02-15 14:14:16: 💾 BD salvo: 3 clientes
2026-02-15 14:14:16: ✅ Nome atualizado: Ana (559870035468@c.us)
2026-02-15 14:14:18: [15/02/2026, 10:14:18] ℹ️ INFO: [FUNCIONÁRIO] Para: 559870035468@c.us | Tipo: chat | Msg: "Perfeito ✅ Seu nome foi atualizado para *Ana Maria..."
2026-02-15 14:14:18: 
2026-02-15 14:14:18: ================================================================================
2026-02-15 14:14:18: [15/02/2026, 10:14:18] FUNCIONÁRIO
2026-02-15 14:14:18: 📞 Telefone: 559870035468
2026-02-15 14:14:18: 👤 Nome: (sem nome)
2026-02-15 14:14:18: 📋 Estado: REVIEW_ALTERAR_NOME
2026-02-15 14:14:18: ⚙️ Operação: Mensagem: "Perfeito ✅ Seu nome foi atualizado para *Ana Maria*"
2026-02-15 14:14:18: ================================================================================
2026-02-15 14:14:18: 
2026-02-15 14:14:20: [15/02/2026, 10:14:20] ℹ️ INFO: [FUNCIONÁRIO] Para: 559870035468@c.us | Tipo: chat | Msg: "📋 *Resumo do seu pedido*
2026-02-15 14:14:20: 
2026-02-15 14:14:20: *Açaí 1* 🍧
2026-02-15 14:14:20: 📦 Tamanho:..."
2026-02-15 14:14:20: 
2026-02-15 14:14:20: ================================================================================
2026-02-15 14:14:20: [15/02/2026, 10:14:20] FUNCIONÁRIO
2026-02-15 14:14:20: 📞 Telefone: 559870035468
2026-02-15 14:14:20: 👤 Nome: (sem nome)
2026-02-15 14:14:20: 📋 Estado: REVIEW
2026-02-15 14:14:20: ⚙️ Operação: Mensagem: "📋 *Resumo do seu pedido*
2026-02-15 14:14:20: 
2026-02-15 14:14:20: *Açaí 1* 🍧
2026-02-15 14:14:20: 📦 Tamanho: *Marmita 300ml*
2026-02-15 14:14:20: 🍨 Açaí: *Açaí Master*
2026-02-15 14:14:20: 🍦 Gelatos: *Flocos*
2026-02-15 14:14:20: 🍓 Frutas: *Banana*
2026-02-15 14:14:20: 🍫 Complementos: *Cereja em Calda*
2026-02-15 14:14:20: 🍯 Caldas: *(não selecionado)*
2026-02-15 14:14:20: 
2026-02-15 14:14:20: *Preço base:* 1kg = R$ 70
2026-02-15 14:14:20: 
2026-02-15 14:14:20: O que deseja fazer?
2026-02-15 14:14:20: *❯ 1-* ✅ Confirmar pedido
2026-02-15 14:14:20: *❯ 2-* ✏️ Editar um açaí
2026-02-15 14:14:20: *❯ 3-* 🔄 Alterar meu nome"
2026-02-15 14:14:20: ================================================================================
2026-02-15 14:14:20: 
2026-02-15 14:14:20: 
2026-02-15 14:14:20: ================================================================================
2026-02-15 14:14:20: [15/02/2026, 10:14:20] OPERAÇÃO
2026-02-15 14:14:20: 📞 Telefone: 559870035468
2026-02-15 14:14:20: 👤 Nome: Ana
2026-02-15 14:14:20: 📋 Estado: REVIEW_ALTERAR_NOME
2026-02-15 14:14:20: ⚙️ Operação: Nome atualizado: Ana Maria
2026-02-15 14:14:20: ================================================================================
2026-02-15 14:14:20: 
2026-02-15 14:14:25: [15/02/2026, 10:14:25] ℹ️ INFO: [MSG] De: 559870035468@c.us | Tipo: chat | Mídia: false | Audio: false
2026-02-15 14:14:25: 
2026-02-15 14:14:25: [HORÁRIO CHECK] ============================================
2026-02-15 14:14:25: [HORÁRIO CHECK] Telefone: 559870035468@c.us
2026-02-15 14:14:25: [HORÁRIO CHECK] Tem sessão ativa: SIM
2026-02-15 14:14:25: [HORÁRIO CHECK] Estado atual: REVIEW
2026-02-15 14:14:25: [HORÁRIO CHECK] É cliente no BD: SIM
2026-02-15 14:14:25: [HORÁRIO CHECK] Mensagem: "1"
2026-02-15 14:14:25: [HORÁRIO CHECK] É modo teste (mensagem): false
2026-02-15 14:14:25: [HORÁRIO CHECK] Sessão em modo teste: NÃO
2026-02-15 14:14:25: [HORÁRIO] Servidor: 2026-02-15T13:14:25.588Z | Brasil (America/Fortaleza): 10:14 | Decimal: 10.23 | Aberto: 9-22.5 | Resultado: ABERTO ✅
2026-02-15 14:14:25: [HORÁRIO CHECK] ✅ Horário OK ou modo teste - continuando fluxo
2026-02-15 14:14:25: [HORÁRIO CHECK] ============================================
2026-02-15 14:14:25: 
2026-02-15 14:14:25: 
2026-02-15 14:14:25: ================================================================================
2026-02-15 14:14:25: [15/02/2026, 10:14:25] RECEBIDA
2026-02-15 14:14:25: 📞 Telefone: 559870035468
2026-02-15 14:14:25: 👤 Nome: Ana
2026-02-15 14:14:25: 📋 Estado: REVIEW
2026-02-15 14:14:25: ⚙️ Operação: Mensagem: "1" | Áudio: false | Mídia: false
2026-02-15 14:14:25: ================================================================================
2026-02-15 14:14:25: 
2026-02-15 14:14:27: [15/02/2026, 10:14:27] ℹ️ INFO: [FUNCIONÁRIO] Para: 559870035468@c.us | Tipo: chat | Msg: "Antes de confirmarmos o pedido
2026-02-15 14:14:27: Qual será a *forma ..."
2026-02-15 14:14:27: 
2026-02-15 14:14:27: ================================================================================
2026-02-15 14:14:27: [15/02/2026, 10:14:27] FUNCIONÁRIO
2026-02-15 14:14:27: 📞 Telefone: 559870035468
2026-02-15 14:14:27: 👤 Nome: (sem nome)
2026-02-15 14:14:27: 📋 Estado: ESCOLHA_ENTREGA
2026-02-15 14:14:27: ⚙️ Operação: Mensagem: "Antes de confirmarmos o pedido
2026-02-15 14:14:27: Qual será a *forma de entrega?* 🤔
2026-02-15 14:14:27: *❯ 1-* 🏍️ Delivery
2026-02-15 14:14:27: *❯ 2-* 🏪 Retirada no local"
2026-02-15 14:14:27: ================================================================================
2026-02-15 14:14:27: 
2026-02-15 14:14:27: 
2026-02-15 14:14:27: ================================================================================
2026-02-15 14:14:27: [15/02/2026, 10:14:27] OPERAÇÃO
2026-02-15 14:14:27: 📞 Telefone: 559870035468
2026-02-15 14:14:27: 👤 Nome: Ana
2026-02-15 14:14:27: 📋 Estado: REVIEW
2026-02-15 14:14:27: ⚙️ Operação: Pedido confirmado - Indo para escolha de entrega (Prompt 7)
2026-02-15 14:14:27: ================================================================================
2026-02-15 14:14:27: 
2026-02-15 14:14:33: [15/02/2026, 10:14:33] ℹ️ INFO: [MSG] De: 559870035468@c.us | Tipo: chat | Mídia: false | Audio: false
2026-02-15 14:14:33: 
2026-02-15 14:14:33: [HORÁRIO CHECK] ============================================
2026-02-15 14:14:33: [HORÁRIO CHECK] Telefone: 559870035468@c.us
2026-02-15 14:14:33: [HORÁRIO CHECK] Tem sessão ativa: SIM
2026-02-15 14:14:33: [HORÁRIO CHECK] Estado atual: ESCOLHA_ENTREGA
2026-02-15 14:14:33: [HORÁRIO CHECK] É cliente no BD: SIM
2026-02-15 14:14:33: [HORÁRIO CHECK] Mensagem: "2"
2026-02-15 14:14:33: [HORÁRIO CHECK] É modo teste (mensagem): false
2026-02-15 14:14:33: [HORÁRIO CHECK] Sessão em modo teste: NÃO
2026-02-15 14:14:33: [HORÁRIO] Servidor: 2026-02-15T13:14:33.153Z | Brasil (America/Fortaleza): 10:14 | Decimal: 10.23 | Aberto: 9-22.5 | Resultado: ABERTO ✅
2026-02-15 14:14:33: [HORÁRIO CHECK] ✅ Horário OK ou modo teste - continuando fluxo
2026-02-15 14:14:33: [HORÁRIO CHECK] ============================================
2026-02-15 14:14:33: 
2026-02-15 14:14:33: 
2026-02-15 14:14:33: ================================================================================
2026-02-15 14:14:33: [15/02/2026, 10:14:33] RECEBIDA
2026-02-15 14:14:33: 📞 Telefone: 559870035468
2026-02-15 14:14:33: 👤 Nome: Ana
2026-02-15 14:14:33: 📋 Estado: ESCOLHA_ENTREGA
2026-02-15 14:14:33: ⚙️ Operação: Mensagem: "2" | Áudio: false | Mídia: false
2026-02-15 14:14:33: ================================================================================
2026-02-15 14:14:33: 
2026-02-15 14:14:33: 💾 BD salvo: 3 clientes
2026-02-15 14:14:33: ✅ Último pedido salvo: 1 itens | Entrega: retirada | Pedidos confirmados: 1 (559870035468@c.us)
2026-02-15 14:14:34: [15/02/2026, 10:14:34] ℹ️ INFO: [FUNCIONÁRIO] Para: 559870035468@c.us | Tipo: chat | Msg: "Pedido recebido *Ana* 😉
2026-02-15 14:14:34: Já estamos montando o seu..."
2026-02-15 14:14:34: 
2026-02-15 14:14:34: ================================================================================
2026-02-15 14:14:34: [15/02/2026, 10:14:34] FUNCIONÁRIO
2026-02-15 14:14:34: 📞 Telefone: 559870035468
2026-02-15 14:14:34: 👤 Nome: (sem nome)
2026-02-15 14:14:34: 📋 Estado: PREPARE
2026-02-15 14:14:34: ⚙️ Operação: Mensagem: "Pedido recebido *Ana* 😉
2026-02-15 14:14:34: Já estamos montando o seu açaí!
2026-02-15 14:14:34: ⏳ Em breve te enviamos a foto com o valor do pedido."
2026-02-15 14:14:34: ================================================================================
2026-02-15 14:14:34: 
2026-02-15 14:14:34: [15/02/2026, 10:14:34] ℹ️ INFO: [PROTEÇÃO] Ignorando mensagem para 559870278100@c.us - contato não iniciou conversa
2026-02-15 14:14:34: 
2026-02-15 14:14:34: ================================================================================
2026-02-15 14:14:34: [15/02/2026, 10:14:34] ENVIADA
2026-02-15 14:14:34: 📞 Telefone: 559870035468
2026-02-15 14:14:34: 👤 Nome: Ana
2026-02-15 14:14:34: 📋 Estado: PREPARE
2026-02-15 14:14:34: ⚙️ Operação: Resumo do pedido enviado para admin (retirada)
2026-02-15 14:14:34: ================================================================================
2026-02-15 14:14:34: 
2026-02-15 14:14:34: 
2026-02-15 14:14:34: ================================================================================
2026-02-15 14:14:34: [15/02/2026, 10:14:34] OPERAÇÃO
2026-02-15 14:14:34: 📞 Telefone: 559870035468
2026-02-15 14:14:34: 👤 Nome: Ana
2026-02-15 14:14:34: 📋 Estado: ESCOLHA_ENTREGA
2026-02-15 14:14:34: ⚙️ Operação: Cliente escolheu: Retirada no local
2026-02-15 14:14:34: ================================================================================
2026-02-15 14:14:34: 
2026-02-15 14:14:56: [15/02/2026, 10:14:56] ℹ️ INFO: [MSG] De: 559870035468@c.us | Tipo: chat | Mídia: false | Audio: false
2026-02-15 14:14:57: [15/02/2026, 10:14:57] ℹ️ INFO: [FUNCIONÁRIO] Para: 559870035468@c.us | Tipo: chat | Msg: "Atendimento encerrado ✅
2026-02-15 14:14:57: Quando quiser pedir novame..."
2026-02-15 14:14:57: [15/02/2026, 10:14:57] ℹ️ INFO: [FUNCIONÁRIO] Mensagem para 559870035468@c.us - Sem sessão ativa
2026-02-15 14:14:57: 
2026-02-15 14:14:57: ================================================================================
2026-02-15 14:14:57: [15/02/2026, 10:14:57] OPERAÇÃO
2026-02-15 14:14:57: 📞 Telefone: 559870035468
2026-02-15 14:14:57: 👤 Nome: Ana
2026-02-15 14:14:57: 📋 Estado: STOPACAI_DURANTE_FLUXO
2026-02-15 14:14:57: ⚙️ Operação: Cliente encerrou durante fluxo - sem aviso ao admin, sem reiniciar
2026-02-15 14:14:57: ================================================================================
2026-02-15 14:14:57: 
2026-02-15 14:15:00: [15/02/2026, 10:15:00] ℹ️ INFO: [MSG] De: 559870035468@c.us | Tipo: chat | Mídia: false | Audio: false
2026-02-15 14:15:00: 
2026-02-15 14:15:00: [HORÁRIO CHECK] ============================================
2026-02-15 14:15:00: [HORÁRIO CHECK] Telefone: 559870035468@c.us
2026-02-15 14:15:00: [HORÁRIO CHECK] Tem sessão ativa: NÃO
2026-02-15 14:15:00: [HORÁRIO CHECK] Estado atual: NENHUM
2026-02-15 14:15:00: [HORÁRIO CHECK] É cliente no BD: SIM
2026-02-15 14:15:00: [HORÁRIO CHECK] Mensagem: "Oi"
2026-02-15 14:15:00: [HORÁRIO CHECK] É modo teste (mensagem): false
2026-02-15 14:15:00: [HORÁRIO CHECK] Sessão em modo teste: NÃO
2026-02-15 14:15:00: [HORÁRIO] Servidor: 2026-02-15T13:15:00.302Z | Brasil (America/Fortaleza): 10:15 | Decimal: 10.25 | Aberto: 9-22.5 | Resultado: ABERTO ✅
2026-02-15 14:15:00: [HORÁRIO CHECK] ✅ Horário OK ou modo teste - continuando fluxo
2026-02-15 14:15:00: [HORÁRIO CHECK] ============================================
2026-02-15 14:15:00: 
2026-02-15 14:15:00: 
2026-02-15 14:15:00: ================================================================================
2026-02-15 14:15:00: [15/02/2026, 10:15:00] RECEBIDA
2026-02-15 14:15:00: 📞 Telefone: 559870035468
2026-02-15 14:15:00: 👤 Nome: Ana
2026-02-15 14:15:00: 📋 Estado: SEM_ESTADO
2026-02-15 14:15:00: ⚙️ Operação: Mensagem: "Oi" | Áudio: false | Mídia: false
2026-02-15 14:15:00: ================================================================================
2026-02-15 14:15:00: 
2026-02-15 14:15:00: [DB] temPedidoAnterior(559870035468@c.us): true - pedido válido com 1 itens
2026-02-15 14:15:00: 
2026-02-15 14:15:00: =================================================================
2026-02-15 14:15:00: [RECONHECIMENTO] 🔍 Verificando tipo de cliente no BD
2026-02-15 14:15:00: [RECONHECIMENTO] Telefone: 559870035468@c.us
2026-02-15 14:15:00: [RECONHECIMENTO] ----------------------------------------
2026-02-15 14:15:00: [RECONHECIMENTO] ✅ CLIENTE ENCONTRADO NO BD!
2026-02-15 14:15:00: [RECONHECIMENTO] -> primeiro_nome: "Ana"
2026-02-15 14:15:00: [RECONHECIMENTO] -> nome_completo: "Ana Maria"
2026-02-15 14:15:00: [RECONHECIMENTO] -> endereco: "(vazio)"
2026-02-15 14:15:00: [RECONHECIMENTO] -> ultimo_pedido: TEM PEDIDO ✅
2026-02-15 14:15:00: [RECONHECIMENTO] -> pedidos_confirmados: 1
2026-02-15 14:15:00: [RECONHECIMENTO] -> ultimo_pedido.data: 2026-02-15T13:14:33.155Z
2026-02-15 14:15:00: [RECONHECIMENTO] -> ultimo_pedido.carrinho: 1 itens
2026-02-15 14:15:00: [RECONHECIMENTO] ----------------------------------------
2026-02-15 14:15:00: [RECONHECIMENTO] isClienteAntigo(): true
2026-02-15 14:15:00: [RECONHECIMENTO] temPedidoAnterior(): true
2026-02-15 14:15:00: [RECONHECIMENTO] ----------------------------------------
2026-02-15 14:15:00: [RECONHECIMENTO] temNome: true
2026-02-15 14:15:00: [RECONHECIMENTO] CONDIÇÃO 1 (Cliente com nome + pedido): true ← APLICÁVEL
2026-02-15 14:15:00: [RECONHECIMENTO] CONDIÇÃO 2 (3ª VIA - nome sem pedido): false 
2026-02-15 14:15:00: [RECONHECIMENTO] CONDIÇÃO 3 (Cliente novo): false 
2026-02-15 14:15:00: =================================================================
2026-02-15 14:15:00: 
2026-02-15 14:15:00: [FLUXO] >>> Entrando na VIA 1: Cliente antigo com pedido
2026-02-15 14:15:02: [15/02/2026, 10:15:02] ℹ️ INFO: [FUNCIONÁRIO] Para: 559870035468@c.us | Tipo: chat | Msg: "Olá, *Boa tarde Ana!* 😍🍧
2026-02-15 14:15:02: Que bom ver você de vol..."
2026-02-15 14:15:02: 
2026-02-15 14:15:02: ================================================================================
2026-02-15 14:15:02: [15/02/2026, 10:15:02] FUNCIONÁRIO
2026-02-15 14:15:02: 📞 Telefone: 559870035468
2026-02-15 14:15:02: 👤 Nome: (sem nome)
2026-02-15 14:15:02: 📋 Estado: RETURNING_CUSTOMER_MENU
2026-02-15 14:15:02: ⚙️ Operação: Mensagem: "Olá, *Boa tarde Ana!* 😍🍧
2026-02-15 14:15:02: Que bom ver você de volta no *Espaço Açaí & Gelatos* 💜
2026-02-15 14:15:02: *❯ 1-* 🔁 Repetir meu último pedido
2026-02-15 14:15:02: *❯ 2-* 📝 Montar meu pedido"
2026-02-15 14:15:02: ================================================================================
2026-02-15 14:15:02: 
2026-02-15 14:15:02: 
2026-02-15 14:15:02: ================================================================================
2026-02-15 14:15:02: [15/02/2026, 10:15:02] ENVIADA
2026-02-15 14:15:02: 📞 Telefone: 559870035468@c.us
2026-02-15 14:15:02: 👤 Nome: Ana
2026-02-15 14:15:02: 📋 Estado: RETURNING_CUSTOMER_MENU
2026-02-15 14:15:02: ⚙️ Operação: Enviado menu para cliente retornante (E3 - cliente antigo)
2026-02-15 14:15:02: ================================================================================
2026-02-15 14:15:02: 
2026-02-15 14:15:02: 
2026-02-15 14:15:02: ================================================================================
2026-02-15 14:15:02: [15/02/2026, 10:15:02] ENVIADA
2026-02-15 14:15:02: 📞 Telefone: 559870035468
2026-02-15 14:15:02: 👤 Nome: Ana
2026-02-15 14:15:02: 📋 Estado: VIA_1_CLIENTE_ANTIGO
2026-02-15 14:15:02: ⚙️ Operação: Menu de repetir/montar enviado
2026-02-15 14:15:02: ================================================================================
2026-02-15 14:15:02: 
2026-02-15 14:15:20: 
2026-02-15 14:15:20: 🛑 Encerrando bot (SIGINT)...
2026-02-15 14:15:20: 💾 BD salvo: 3 clientes
2026-02-15 14:15:20: 💾 Flush de segurança executado
2026-02-15 14:15:21: ✅ Sessão WhatsApp encerrada com sucesso
